"","ID","start_time","finish_time","age","sex","gender","ethnicity","nationality","religious_affiliation","christian_affiliation","religious_importance","CRS.1","CRS.2","CRS.3","CRS.4","CRS.5","TDDS.1","TDDS.2","TDDS.3","TDDS.4","TDDS.5","TDDS.6","TDDS.7","TDDS.8","TDDS.9","TDDS.10","TDDS.11","TDDS.12","TDDS.13","TDDS.14","TDDS.15","TDDS.16","TDDS.17","TDDS.18","TDDS.19","TDDS.20","TDDS.21","SOI.1","SOI.2","SOI.3","SOI.4","SOI.5","SOI.6","SOI.7","SOI.8","SOI.9","GENE.1","GENE.2","GENE.3","GENE.4","GENE.5","GENE.6","GENE.7","CONV.1","CONV.2","CONV.3","CONV.4","CONV.5","CONV.6","TRAD.1","TRAD.2","TRAD.3","TRAD.4","TRAD.5","TRAD.6","CRS","TDDS_f","TDDS_p","TDDS_s","TDDS_m","SOI_f","SOI_b","SOI_a","SOI_d","GENE_f","GENE_p","GENE_s","CONV","TRAD","CONV_f"
"1","2830818160",2024-06-20 16:12:00,2024-06-20 16:25:00,27,"Male","Male","African","Algeria","None",NA,0,5,1,1,1,1,1,1,4,4,3,2,2,2,4,4,2,2,2,1,4,1,3,1,4,1,1,5,5,5,7,6,9,3,3,2,2,1,2,2,2,2,4,2,2,4,1,1,3,3,2,1,2,3,2,1.8,49,18,13,18,5,5,7.33333333333333,2.66666666666667,15,5,10,13,13,26
"2","5280152365",2024-06-20 21:25:00,2024-06-20 21:36:00,50,"Male","Male","White or Causasian","Australia","None",NA,0,2,3,2,2,2,2,0,5,5,0,2,4,2,2,5,2,2,5,0,4,4,0,5,5,0,3,1,1,1,7,3,5,4,4,6,3,2,1,3,2,2,3,1,5,6,5,5,6,3,6,3,5,5,5,2.2,57,23,4,30,3.55555555555556,1,5,4.66666666666667,16,6,10,28,27,55
"3","1971185324",2024-06-20 21:18:00,2024-06-20 21:32:00,26,"Male","Male","East Asian","Australia","None",NA,0,1,2,1,1,2,0,0,4,0,3,3,0,0,4,3,2,3,0,0,4,4,5,3,0,5,3,2,1,1,1,1,1,2,2,1,3,1,1,3,1,1,3,3,3,4,1,1,4,1,4,4,0,3,3,1.4,46,24,15,7,1.33333333333333,1.33333333333333,1,1.66666666666667,13,5,8,16,15,31
"4","4073829183",2024-06-20 16:31:00,2024-06-20 16:42:00,86,"Male","Male","White or Causasian","Australia","Christian","Catholic",1,2,2,2,1,2,0,1,2,2,3,1,2,3,0,4,0,1,2,0,2,2,3,0,4,4,0,1,5,7,9,7,9,3,2,1,2,2,3,2,1,2,2,4,5,5,5,3,4,0,4,3,3,4,4,1.8,36,6,14,16,4.88888888888889,4.33333333333333,8.33333333333333,2,14,7,7,26,18,44
"5","8753896170",2024-06-20 16:30:00,2024-06-20 16:39:00,24,"Female","Female","White or Causasian","Australia","Christian","Jehovahâ€™s Witness",100,5,5,5,5,4,4,5,5,4,5,1,4,5,2,5,5,3,5,5,3,4,5,3,4,5,3,1,3,4,1,1,2,2,1,1,3,1,1,4,2,1,4,1,3,3,1,4,5,1,4,0,2,1,3,4.8,85,20,35,30,1.77777777777778,2.66666666666667,1.33333333333333,1.33333333333333,16,5,11,17,11,28
"6","2112792630",2024-06-20 16:28:00,2024-06-20 16:36:00,20,"Female","Female","White or Causasian","Australia","None",NA,0,2,2,1,1,2,0,2,4,1,0,1,1,0,2,5,1,4,1,0,1,5,5,4,1,1,4,2,3,2,8,6,8,2,1,1,3,2,1,3,4,3,4,2,3,4,1,2,5,1,3,2,3,4,4,1.6,43,20,9,14,3.66666666666667,2.33333333333333,7.33333333333333,1.33333333333333,20,6,14,17,17,34
"7","240851800",2024-06-20 16:19:00,2024-06-20 16:29:00,35,"Female","Female","White or Causasian","Australia","None",NA,5,2,2,1,1,1,1,1,4,3,1,2,4,2,2,3,1,4,4,1,3,3,3,3,3,2,3,2,2,4,8,8,8,2,2,2,3,2,2,2,2,3,2,2,3,3,2,2,4,2,2,3,2,3,4,1.4,53,21,11,21,4.22222222222222,2.66666666666667,8,2,16,7,9,16,16,32
"8","7874148384",2024-06-20 16:23:00,2024-06-20 16:29:00,24,"Female","Female","Mixed","Australia","Agnostic",NA,15,3,3,1,2,2,4,5,5,5,0,2,2,2,4,4,5,4,3,2,5,4,2,5,2,2,5,2,2,2,5,1,1,7,2,2,2,1,1,1,1,1,1,0,0,0,0,0,0,0,3,3,1,3,3,2.2,72,30,18,24,2.66666666666667,2,2.33333333333333,3.66666666666667,8,4,4,0,13,13
"9","7177180525",2024-06-21 09:47:00,2024-06-21 09:58:00,19,"Male","Male","White or Causasian","Austria","Christian","Catholic",10,2,2,2,1,1,1,4,3,5,3,1,4,3,1,4,3,5,4,4,1,3,4,3,3,3,4,1,1,1,3,2,2,1,1,1,4,2,3,1,1,2,3,3,4,4,5,3,4,1,5,2,3,4,4,1.6,66,18,24,24,1.44444444444444,1,2.33333333333333,1,16,9,7,23,19,42
"10","1925540093",2024-06-20 21:20:00,2024-06-20 21:29:00,61,"Male","Male","White or Causasian","Belgium","None",NA,3,3,2,1,2,2,5,0,3,5,0,0,5,0,1,5,2,4,5,5,2,5,5,4,5,0,2,2,9,7,9,9,9,5,2,2,3,1,1,1,1,1,1,1,5,5,2,3,6,0,5,0,5,5,6,2,63,16,12,35,6,6,9,3,9,5,4,22,21,43
"11","1778784368",2024-06-20 16:33:00,2024-06-20 16:45:00,32,"Male","Male","Latino or Hispanic","Brazil","None",NA,0,1,2,1,1,1,5,2,5,5,0,2,0,0,4,4,2,3,5,0,4,4,1,5,4,2,5,2,9,9,9,9,9,6,2,2,4,1,2,2,1,1,5,3,3,5,3,1,6,0,5,1,3,6,6,1.2,62,28,7,27,6.33333333333333,6.66666666666667,9,3.33333333333333,16,7,9,21,21,42
"12","2237984497",2024-06-20 16:32:00,2024-06-20 16:37:00,23,"Male","Male","Latino or Hispanic","Brazil","Christian","Catholic",65,3,5,4,5,3,4,4,5,5,1,2,4,1,2,4,1,4,5,4,5,5,5,4,3,2,4,1,1,1,7,5,3,2,2,2,3,2,2,1,2,2,3,2,2,1,2,2,4,1,4,2,3,3,1,4,74,26,18,30,2.66666666666667,1,5,2,15,7,8,13,14,27
"13","1973647705",2024-06-20 16:16:00,2024-06-20 16:29:00,27,"Male","Male","Mixed","Brazil","Christian","Catholic",10,2,5,2,3,5,0,2,1,3,3,4,1,3,1,3,0,0,5,0,1,3,4,1,5,0,3,2,2,1,4,4,8,2,1,1,4,3,2,2,1,1,5,5,4,3,4,3,3,0,6,1,4,3,3,3.4,43,11,12,20,2.77777777777778,1.66666666666667,5.33333333333333,1.33333333333333,18,9,9,22,17,39
"14","5543677673",2024-06-21 10:30:00,2024-06-21 10:35:00,41,"Male","Male","South Asian","Canada","None",NA,10,1,5,2,2,3,5,3,5,5,5,5,5,5,5,5,3,5,5,5,5,4,5,2,5,5,5,1,1,1,6,1,3,1,1,1,4,1,1,3,2,1,4,2,5,4,3,2,3,3,4,1,4,4,3,2.6,97,32,31,34,1.77777777777778,1,3.33333333333333,1,16,6,10,19,19,38
"15","7338556383",2024-06-21 09:47:00,2024-06-21 09:57:00,28,"Female","Female","White or Causasian","Canada","None",NA,10,4,3,3,3,2,1,2,4,3,0,3,2,1,4,5,2,5,4,0,5,2,3,4,2,1,5,2,9,9,8,6,6,5,5,3,4,2,2,1,1,1,2,2,2,3,1,0,3,0,6,0,0,4,3,3,58,30,9,19,5.88888888888889,6.66666666666667,6.66666666666667,4.33333333333333,13,8,5,11,13,24
"16","1693488188",2024-06-21 09:49:00,2024-06-21 09:53:00,24,"Male","Male","White or Causasian","Canada","Christian","Catholic",31,2,2,4,3,2,2,3,5,4,1,1,2,0,2,3,1,4,3,1,4,3,3,4,4,1,3,2,1,3,7,5,7,7,7,5,2,1,2,1,1,2,1,1,3,3,1,0,2,1,3,1,2,4,3,2.6,54,23,10,21,4.88888888888889,2,6.33333333333333,6.33333333333333,10,5,5,10,14,24
"17","6041284851",2024-06-20 22:02:00,2024-06-20 22:08:00,22,"Male","Male","White or Causasian","Canada","Christian","Protestant",45,1,5,2,4,4,2,2,5,5,0,5,3,2,4,5,0,5,4,3,5,5,1,5,5,0,4,2,5,5,3,5,6,7,5,6,4,3,4,2,4,2,4,4,5,6,3,3,6,4,4,4,3,5,5,3.2,70,33,8,29,4.88888888888889,4,4.66666666666667,6,23,11,12,27,25,52
"18","1458721491",2024-06-20 21:26:00,2024-06-20 21:34:00,42,"Male","Male","White or Causasian","Canada","None",NA,14,2,2,2,1,1,4,2,3,4,0,2,2,2,2,2,2,1,4,1,2,4,2,2,2,1,2,2,6,8,7,6,8,1,1,2,3,2,2,3,2,2,2,4,4,4,3,2,4,2,5,2,2,4,3,1.6,46,14,10,22,4.55555555555556,5.33333333333333,7,1.33333333333333,16,7,9,21,18,39
"19","4199053796",2024-06-20 21:25:00,2024-06-20 21:33:00,39,"Male","Male","White or Causasian","Canada","None",NA,0,1,1,1,1,1,5,3,5,5,1,4,5,3,4,5,3,4,5,4,3,5,3,4,5,5,3,1,1,1,4,3,5,1,1,1,2,3,2,2,4,3,3,4,4,2,5,4,3,4,4,5,3,4,3,1,84,27,22,35,2,1,4,1,19,7,12,22,23,45
"20","5865794319",2024-06-20 21:21:00,2024-06-20 21:27:00,29,"Female","Female","East Asian","Canada","None",NA,5,3,2,1,1,1,2,3,5,5,3,3,3,3,3,3,3,4,3,2,3,2,4,3,2,2,3,2,1,1,9,5,2,2,2,1,4,1,1,1,2,2,4,6,4,3,4,3,3,1,5,2,4,4,5,1.6,64,24,20,20,2.77777777777778,1.33333333333333,5.33333333333333,1.66666666666667,15,6,9,23,21,44
"21","3858092272",2024-06-20 21:12:00,2024-06-20 21:18:00,46,"Male","Male","East Asian","Canada","None",NA,10,2,2,1,1,1,3,1,4,5,1,2,3,2,2,4,0,1,5,2,3,4,5,4,5,1,2,2,2,1,7,3,5,2,2,2,2,2,2,2,2,2,3,3,4,5,3,3,5,0,5,3,4,4,5,1.4,59,18,12,29,2.88888888888889,1.66666666666667,5,2,15,6,9,23,21,44
"22","6834633873",2024-06-20 16:34:00,2024-06-20 16:53:00,68,"Female","Female","White or Causasian","Canada","Christian","Protestant",6,3,3,1,2,2,4,0,5,5,0,3,4,0,4,5,0,4,5,0,4,5,5,5,5,0,1,2,4,5,8,5,8,3,2,3,5,1,2,3,1,1,4,6,6,2,6,5,6,1,6,5,5,6,5,2.2,64,26,5,33,4.44444444444444,3.66666666666667,7,2.66666666666667,17,8,9,31,28,59
"23","8923390075",2024-06-20 16:30:00,2024-06-20 16:52:00,49,"Male","Male","White or Causasian","Canada","None",NA,0,1,1,1,1,1,1,2,3,0,1,1,0,1,2,0,2,3,0,0,4,0,1,2,0,1,3,2,2,1,9,8,8,4,2,2,3,4,4,2,3,2,2,2,3,3,2,3,4,1,3,4,3,3,4,1,27,18,8,1,4.22222222222222,1.66666666666667,8.33333333333333,2.66666666666667,20,11,9,17,18,35
"24","385494730",2024-06-20 16:28:00,2024-06-20 16:43:00,61,"Female","Female","White or Causasian","Canada","Christian","Catholic",68,2,5,2,5,5,0,0,4,3,0,3,2,1,2,3,2,3,1,2,3,3,4,1,3,1,1,2,2,3,9,8,8,1,2,2,2,1,1,1,1,1,1,4,2,2,5,5,2,2,5,5,1,1,4,3.8,42,17,10,15,4.11111111111111,2.33333333333333,8.33333333333333,1.66666666666667,8,4,4,20,18,38
"25","6952420662",2024-06-20 16:38:00,2024-06-20 16:42:00,31,"Male","Male","White or Causasian","Canada","Christian","Protestant",71,3,4,5,5,3,4,3,3,5,2,3,5,2,1,3,2,4,5,5,3,3,4,3,4,5,5,3,2,2,7,7,6,5,5,5,3,3,2,2,3,3,2,3,3,4,3,3,4,2,2,4,3,3,3,4,74,22,23,29,4.66666666666667,2.33333333333333,6.66666666666667,5,18,8,10,20,17,37
"26","2296655058",2024-06-20 16:34:00,2024-06-20 16:40:00,71,"Female","Female","White or Causasian","Canada","None",NA,0,2,1,1,1,1,0,1,2,4,0,4,4,3,2,5,4,2,4,1,2,2,4,1,5,2,2,1,3,3,7,7,6,3,2,2,3,2,2,3,2,2,3,1,3,2,2,2,3,1,2,1,2,3,4,1.2,54,15,15,24,3.77777777777778,2.33333333333333,6.66666666666667,2.33333333333333,17,7,10,13,13,26
"27","7507695311",2024-06-20 16:32:00,2024-06-20 16:39:00,26,"Male","Male","East Asian","Canada","None",NA,0,2,1,1,1,1,1,2,5,4,2,1,2,2,1,3,2,4,2,1,4,5,1,1,3,0,2,1,1,1,7,6,2,4,2,3,4,1,3,1,1,1,3,2,5,5,1,3,4,0,2,2,3,3,4,1.2,48,18,10,20,3,1,5,3,14,8,6,20,14,34
"28","4180479424",2024-06-20 16:32:00,2024-06-20 16:38:00,22,"Male","Male","East Asian","Canada","None",NA,0,3,2,1,1,1,2,1,3,4,0,1,2,1,3,4,2,4,1,1,4,4,0,2,2,1,4,2,1,1,6,3,6,2,4,3,3,1,1,1,1,1,2,3,5,3,3,2,5,0,4,2,3,4,4,1.6,46,21,6,19,3.11111111111111,1.33333333333333,5,3,10,5,5,21,17,38
"29","15809405",2024-06-20 16:27:00,2024-06-20 16:37:00,22,"Female","Female","White or Causasian","Canada","None",NA,0,3,3,1,1,2,1,3,5,4,1,5,0,5,5,5,5,5,5,5,5,5,5,5,4,3,5,2,2,6,8,3,9,6,5,6,5,1,2,2,3,3,2,2,3,5,2,1,4,3,2,2,2,3,3,2,86,35,27,24,5.22222222222222,3.33333333333333,6.66666666666667,5.66666666666667,18,8,10,17,15,32
"30","4095996288",2024-06-20 16:31:00,2024-06-20 16:37:00,20,"Female","Female","East Asian","Canada","None",NA,0,2,4,3,3,2,4,1,5,5,2,2,5,1,2,4,4,5,5,0,4,5,5,5,5,1,3,1,1,1,6,4,8,1,1,1,2,1,1,1,1,1,3,0,1,3,2,2,4,0,3,0,4,4,4,2.8,73,26,14,33,2.66666666666667,1,6,1,10,4,6,12,15,27
"31","605479897",2024-06-20 16:31:00,2024-06-20 16:37:00,35,"Female","Female","South Asian","Canada","Buddhist",NA,89,4,5,5,5,5,5,4,3,5,3,3,5,5,3,3,5,5,5,5,4,4,5,4,5,5,4,2,1,2,1,1,9,1,1,1,3,3,3,3,3,2,3,2,4,4,2,2,4,4,4,4,4,4,5,4.8,90,26,32,32,2.11111111111111,1.66666666666667,3.66666666666667,1,20,9,11,18,25,43
"32","6261755054",2024-06-20 16:30:00,2024-06-20 16:36:00,48,"Male","Male","White or Causasian","Canada","Christian","Catholic",4,2,5,4,5,1,3,1,5,5,0,3,3,0,2,5,1,1,5,1,3,5,3,1,3,2,2,2,3,4,9,4,8,4,2,2,3,1,1,2,1,1,3,1,3,5,1,0,5,0,2,4,2,2,5,3.4,54,17,8,29,4.22222222222222,3,7,2.66666666666667,12,5,7,15,15,30
"33","4637960329",2024-06-20 16:25:00,2024-06-20 16:34:00,38,"Male","Male","White or Causasian","Canada","None",NA,0,2,1,1,1,1,0,3,4,4,1,2,1,0,1,5,0,1,1,0,1,0,0,3,2,0,5,2,6,6,9,6,9,6,3,3,1,1,2,1,1,1,1,4,5,2,4,1,5,0,6,1,3,5,5,1.2,34,17,4,13,5.55555555555556,4.66666666666667,8,4,8,4,4,21,20,41
"34","1700945215",2024-06-20 16:26:00,2024-06-20 16:32:00,39,"Male","Male","White or Causasian","Canada","None",NA,0,2,2,1,2,2,0,2,3,2,0,3,3,1,2,3,0,4,5,0,4,1,1,5,2,2,2,1,2,2,7,6,7,3,4,4,1,4,5,5,4,3,4,2,2,3,2,2,2,1,3,1,1,3,2,1.8,45,23,6,16,4,1.66666666666667,6.66666666666667,3.66666666666667,26,10,16,13,11,24
"35","8633915670",2024-06-20 16:27:00,2024-06-20 16:32:00,29,"Female","Female","South Asian","Canada","None",NA,5,3,2,1,1,3,0,5,4,2,2,3,0,2,2,2,4,4,3,5,5,4,5,5,3,2,5,1,1,1,1,1,3,1,1,1,3,1,1,1,1,2,3,0,0,3,3,1,3,2,0,0,0,0,1,2,67,28,25,14,1.22222222222222,1,1.66666666666667,1,12,5,7,10,3,13
"36","2968139801",2024-06-20 16:26:00,2024-06-20 16:32:00,26,"Male","Male","Mixed","Canada","Spiritual",NA,60,2,4,2,5,4,4,2,3,5,1,2,3,4,2,5,2,2,4,1,3,3,2,3,4,2,3,2,1,1,6,6,6,6,6,6,5,1,1,1,1,1,2,3,5,4,4,2,4,1,5,4,4,4,4,3.4,60,18,14,28,4.44444444444444,1.33333333333333,6,6,12,7,5,22,22,44
"37","3259733378",2024-06-20 16:25:00,2024-06-20 16:31:00,19,"Male","Male","South Asian","Canada","Muslim",NA,90,3,5,2,2,3,3,2,2,3,3,0,2,4,2,3,2,4,3,3,2,2,4,1,1,3,2,1,1,1,2,1,1,2,2,2,3,2,2,2,3,3,3,3,4,3,3,3,3,3,2,0,2,3,2,3,51,13,21,17,1.44444444444444,1,1.33333333333333,2,18,7,11,19,12,31
"38","9505154039",2024-06-20 16:26:00,2024-06-20 16:30:00,31,"Male","Male","White or Causasian","Canada","None",NA,20,3,1,3,3,1,1,0,1,4,0,3,2,1,1,4,2,2,2,1,2,3,4,3,4,2,4,2,8,9,9,7,7,6,4,2,3,2,2,3,1,2,3,4,4,3,3,1,4,0,5,3,2,4,4,2.2,46,16,10,20,6,6.33333333333333,7.66666666666667,4,16,7,9,19,18,37
"39","4669802345",2024-06-20 16:27:00,2024-06-20 16:30:00,28,"Male","Male","East Asian","Canada","None",NA,14,2,2,1,1,1,1,1,3,5,0,1,3,1,0,5,0,3,3,0,3,5,3,0,5,0,2,4,1,3,9,9,8,6,6,2,4,1,1,1,2,2,1,3,1,1,5,3,1,3,2,2,1,1,1,1.4,44,12,5,27,5.33333333333333,2.66666666666667,8.66666666666667,4.66666666666667,12,6,6,14,10,24
"40","3819290894",2024-06-20 16:24:00,2024-06-20 16:29:00,37,"Female","Female","White or Causasian","Canada","Christian","Catholic",86,3,5,2,3,4,5,3,5,5,0,4,4,0,2,3,3,5,5,2,3,5,5,5,4,5,5,2,1,1,7,1,3,2,1,1,3,1,2,3,2,3,4,5,4,5,4,4,4,2,2,4,3,3,5,3.4,78,29,18,31,2.11111111111111,1.33333333333333,3.66666666666667,1.33333333333333,18,6,12,26,19,45
"41","3648395410",2024-06-20 16:24:00,2024-06-20 16:29:00,36,"Male","Male","White or Causasian","Canada","None",NA,14,3,2,3,3,2,0,2,1,5,3,4,5,1,2,5,0,0,2,0,2,0,0,0,1,1,2,2,9,9,6,9,9,6,7,5,3,2,2,3,3,2,2,6,6,6,4,4,5,6,5,4,2,4,4,2.6,36,11,7,18,6.88888888888889,6.66666666666667,8,6,17,7,10,31,25,56
"42","7009716664",2024-06-20 16:21:00,2024-06-20 16:28:00,48,"Male","Male","White or Causasian","Canada","None",NA,0,2,2,1,1,1,3,3,5,3,0,3,3,0,3,3,4,4,5,1,5,3,5,4,4,0,4,2,9,7,7,7,8,2,1,2,4,3,3,3,2,2,4,3,4,4,3,2,4,2,4,2,2,4,4,1.4,65,28,13,24,5,6,7.33333333333333,1.66666666666667,21,10,11,20,18,38
"43","1209563662",2024-06-20 16:17:00,2024-06-20 16:22:00,27,"Female","Female","East Asian","Canada","None",NA,0,2,2,1,1,1,2,2,5,5,0,2,1,0,2,5,0,5,5,0,3,4,5,4,2,2,5,2,1,2,9,3,5,2,3,2,3,1,1,1,1,1,1,1,1,3,2,2,4,2,4,1,2,4,3,1.4,59,26,9,24,3.22222222222222,1.66666666666667,5.66666666666667,2.33333333333333,9,5,4,13,16,29
"44","6618504023",2024-06-21 09:49:00,2024-06-21 10:10:00,29,"Female","Female","Latino or Hispanic","Chile","None",NA,9,2,3,4,3,3,0,3,5,2,1,4,3,2,3,4,2,5,2,1,5,5,5,5,4,2,3,2,7,3,8,7,6,3,3,1,2,2,3,1,2,3,1,1,2,4,3,2,3,3,2,0,2,2,3,3,66,30,16,20,4.44444444444444,4,7,2.33333333333333,14,7,7,15,12,27
"45","3050852769",2024-06-21 09:47:00,2024-06-21 09:59:00,42,"Male","Male","Latino or Hispanic","Chile","Christian","Catholic",0,1,2,2,1,3,1,0,2,5,0,0,3,0,0,0,0,2,5,0,2,2,2,0,3,0,0,2,1,1,3,1,9,3,2,1,3,1,1,3,2,1,4,2,5,6,5,3,5,0,4,2,3,5,4,1.8,27,6,2,19,2.55555555555556,1.33333333333333,4.33333333333333,2,15,5,10,26,18,44
"46","7344126503",2024-06-21 09:47:00,2024-06-21 09:52:00,23,"Male","Male","Latino or Hispanic","Chile","None",NA,5,2,4,1,1,2,3,3,4,4,1,3,0,1,2,4,2,5,2,1,5,3,2,4,3,3,2,2,1,1,6,5,7,2,2,1,3,1,3,3,4,5,3,2,2,5,2,1,6,1,2,1,0,0,4,2,57,25,13,19,3,1.33333333333333,6,1.66666666666667,22,7,15,18,8,26
"47","9592271352",2024-06-20 21:18:00,2024-06-20 21:40:00,28,"Male","Male","Latino or Hispanic","Chile","None",NA,8,1,1,1,1,1,3,3,4,3,1,2,2,3,3,4,3,3,3,1,3,2,3,3,3,2,3,4,7,7,9,9,9,2,3,1,3,1,1,3,1,1,2,2,3,3,2,1,2,1,1,5,2,2,2,1,57,21,16,20,5.66666666666667,6,9,2,12,5,7,13,13,26
"48","457232999",2024-06-20 21:23:00,2024-06-20 21:31:00,28,"Female","Female","Latino or Hispanic","Chile","None",NA,17,2,3,2,4,2,2,4,3,5,1,0,1,3,1,5,4,5,2,1,3,4,5,5,2,3,0,1,1,1,9,1,2,2,1,1,3,2,1,1,1,1,1,3,4,2,5,3,2,2,5,2,0,6,4,2.6,59,17,21,21,2.11111111111111,1,4,1.33333333333333,10,6,4,19,19,38
"49","1858692218",2024-06-20 21:21:00,2024-06-20 21:29:00,30,"Female","Female","Latino or Hispanic","Chile","None",NA,0,3,1,1,1,1,1,3,5,5,1,3,2,1,5,5,4,5,4,0,5,5,5,5,5,5,5,2,3,4,9,9,8,2,2,2,1,1,1,1,3,3,1,3,2,6,3,3,6,0,3,1,1,2,5,1.4,79,33,19,27,4.55555555555556,3,8.66666666666667,2,11,3,8,23,12,35
"50","7117968104",2024-06-20 21:16:00,2024-06-20 21:23:00,25,"Male","Male","Latino or Hispanic","Chile","Christian","Catholic",10,1,3,1,1,2,4,4,3,5,0,2,0,0,2,5,2,2,4,2,4,1,2,5,5,0,3,7,5,4,3,7,3,6,5,2,5,2,4,2,2,4,4,0,1,4,3,1,5,1,5,0,2,1,6,1.6,55,21,10,24,4.66666666666667,5.33333333333333,4.33333333333333,4.33333333333333,23,11,12,14,15,29
"51","1048783669",2024-06-20 16:28:00,2024-06-20 16:50:00,43,"Male","Male","Latino or Hispanic","Chile","None",NA,0,3,2,1,1,1,4,1,4,5,1,2,4,0,1,4,0,3,5,0,2,4,2,1,3,0,2,3,1,7,9,8,9,7,5,3,3,2,2,1,1,2,2,1,2,4,2,1,2,1,1,2,3,2,3,1.6,48,15,4,29,5.77777777777778,3.66666666666667,8.66666666666667,5,13,7,6,12,12,24
"52","3208503908",2024-06-20 16:23:00,2024-06-20 16:40:00,25,"Male","Male","Latino or Hispanic","Chile","None",NA,30,4,4,2,2,3,3,3,2,5,0,1,2,1,1,1,2,3,2,2,3,1,5,3,1,1,2,2,1,1,4,2,7,2,1,1,4,1,3,1,2,2,3,4,6,5,3,3,6,2,4,1,3,3,5,3,44,15,14,15,2.33333333333333,1.33333333333333,4.33333333333333,1.33333333333333,16,8,8,27,18,45
"53","3522773784",2024-06-20 16:31:00,2024-06-20 16:37:00,33,"Female","Female","White or Causasian","Chile","None",NA,0,2,2,1,1,1,3,4,5,5,0,1,1,1,3,5,4,3,4,0,4,4,5,1,3,0,1,1,2,1,9,7,9,7,4,3,3,2,3,1,1,1,4,2,0,0,0,0,2,0,3,0,3,2,1,1.4,57,18,14,25,4.77777777777778,1.33333333333333,8.33333333333333,4.66666666666667,15,8,7,4,9,13
"54","5152540253",2024-06-20 16:25:00,2024-06-20 16:36:00,24,"Male","Male","Latino or Hispanic","Chile","None",NA,0,1,2,1,1,2,5,3,5,5,0,2,3,0,1,3,4,2,5,3,4,4,5,2,3,1,4,2,1,1,1,1,3,1,2,1,3,2,4,1,2,2,3,2,2,5,2,3,3,2,3,1,2,4,6,1.4,64,20,16,28,1.44444444444444,1.33333333333333,1.66666666666667,1.33333333333333,17,9,8,17,18,35
"55","7362253142",2024-06-20 16:15:00,2024-06-20 16:21:00,27,"Male","Male","Latino or Hispanic","Chile","Christian","None",30,3,4,1,2,3,1,4,5,5,0,2,3,1,4,2,4,5,2,0,5,0,5,1,1,0,2,2,2,2,3,7,3,2,1,1,3,2,4,3,2,2,4,1,4,6,3,3,5,1,6,3,4,5,5,2.6,52,24,14,14,2.55555555555556,2,4.33333333333333,1.33333333333333,20,9,11,22,24,46
"56","1512829733",2024-06-20 16:15:00,2024-06-20 16:20:00,47,"Male","Male","Latino or Hispanic","Chile","None",NA,0,1,1,1,1,1,1,2,4,4,0,0,4,0,1,1,2,1,2,2,3,0,0,1,2,1,3,2,2,4,9,9,9,7,5,8,1,1,1,1,2,1,1,4,3,2,5,3,4,5,2,5,3,2,1,1,34,13,7,14,6.11111111111111,2.66666666666667,9,6.66666666666667,8,3,5,21,18,39
"57","8150148926",2024-06-20 16:29:00,2024-06-20 16:34:00,23,"Male","Male","East Asian","China","None",NA,0,1,1,1,1,1,4,5,5,5,0,2,0,0,1,5,1,0,2,2,4,5,5,5,1,0,1,1,1,1,7,4,1,5,2,2,3,1,1,1,1,2,4,2,5,4,4,3,5,4,3,1,1,5,5,1,53,18,13,22,2.66666666666667,1,4,3,13,5,8,23,19,42
"58","9992988673",2024-06-20 21:17:00,2024-06-20 21:24:00,23,"Male","Male","Latino or Hispanic","Columbia","None",NA,0,1,2,1,1,1,0,2,5,5,0,3,1,0,1,3,1,5,2,4,5,5,3,3,0,0,5,2,1,1,1,1,6,2,1,1,3,3,5,1,1,1,5,0,3,3,1,1,3,3,2,0,3,3,4,1.2,53,27,10,16,1.77777777777778,1.33333333333333,2.66666666666667,1.33333333333333,19,11,8,11,15,26
"59","7730275301",2024-06-20 16:31:00,2024-06-20 16:44:00,22,"Female","Female","Latino or Hispanic","Columbia","Agnostic",NA,5,3,2,1,1,2,2,4,5,5,2,1,3,2,3,5,4,4,4,2,4,4,5,5,3,1,5,2,4,4,9,5,5,2,2,1,3,2,1,3,1,2,4,2,3,4,2,2,3,1,4,1,1,3,3,1.8,73,27,20,26,3.77777777777778,3.33333333333333,6.33333333333333,1.66666666666667,16,6,10,16,13,29
"60","9694623393",2024-06-21 09:48:00,2024-06-21 09:59:00,24,"Female","Female","White or Causasian","Czech Republic","None",NA,0,2,2,1,1,1,0,1,2,4,0,1,2,0,1,3,1,1,1,1,2,3,5,2,2,1,4,2,8,7,9,8,8,2,1,2,2,1,1,1,1,2,3,2,1,3,2,1,3,0,2,2,0,4,1,1.4,37,13,9,15,5.22222222222222,5.66666666666667,8.33333333333333,1.66666666666667,11,4,7,12,9,21
"61","1581400075",2024-06-21 09:47:00,2024-06-21 09:55:00,29,"Female","Female","White or Causasian","Czech Republic","None",NA,1,3,2,1,1,2,0,3,3,0,1,1,0,1,4,2,4,5,0,0,4,0,2,1,0,1,1,2,9,9,9,9,9,9,8,8,4,3,3,4,2,2,4,0,4,3,2,2,5,0,6,2,4,4,3,1.8,33,19,12,2,8,6.66666666666667,9,8.33333333333333,22,10,12,16,19,35
"62","6925650182",2024-06-20 21:23:00,2024-06-20 21:31:00,40,"Male","Male","White or Causasian","Czech Republic","Christian","Catholic",70,4,5,5,5,5,4,3,4,5,2,4,2,1,3,4,1,4,5,3,4,5,4,4,5,2,5,1,1,1,3,2,7,3,3,4,4,2,3,3,3,2,4,3,3,3,4,2,3,2,4,3,3,4,4,4.8,74,28,16,30,2.77777777777778,1,4,3.33333333333333,21,9,12,18,20,38
"63","1275098649",2024-06-20 17:35:00,2024-06-20 17:52:00,40,"Male","Male","White or Causasian","Czech Republic","None",NA,5,2,2,2,1,2,2,1,3,4,2,1,4,0,1,4,1,2,4,0,3,3,1,2,4,2,2,3,1,1,9,9,8,9,4,9,3,3,3,1,2,2,3,1,1,3,0,0,2,0,1,0,1,1,1,1.8,46,14,7,25,5.88888888888889,1.66666666666667,8.66666666666667,7.33333333333333,17,9,8,7,4,11
"64","8220229100",2024-06-20 16:20:00,2024-06-20 16:29:00,24,"Male","Male","White or Causasian","Czech Republic","None",NA,0,2,1,1,1,3,1,2,1,2,1,2,2,1,3,3,0,2,0,0,3,1,0,3,1,0,1,1,1,1,3,7,7,2,2,4,3,3,3,2,2,3,3,1,3,3,2,2,3,2,2,2,2,2,3,1.6,29,15,4,10,3.11111111111111,1,5.66666666666667,2.66666666666667,19,9,10,14,13,27
"65","2244434386",2024-06-20 16:31:00,2024-06-20 16:39:00,22,"Male","Male","Middle Eastern","Egypt","Muslim",NA,90,5,5,5,5,5,3,5,3,5,1,1,1,5,2,4,2,5,5,4,1,5,0,1,4,5,3,1,1,1,2,1,1,4,5,2,4,1,1,3,4,1,4,1,6,4,0,5,3,0,4,0,5,5,3,5,65,16,22,27,2,1,1.33333333333333,3.66666666666667,18,6,12,19,17,36
"66","7213021799",2024-06-20 16:30:00,2024-06-20 16:44:00,25,"Male","Male","African","Eritrea","Christian","Orthodox",100,4,5,5,5,5,4,3,5,5,2,0,2,4,0,2,4,4,4,3,2,3,5,1,4,5,2,1,1,1,4,1,1,1,1,1,3,2,3,2,2,2,3,3,4,3,3,3,4,3,5,3,4,6,3,4.8,64,14,26,24,1.33333333333333,1,2,1,17,8,9,20,24,44
"67","9401688712",2024-06-20 16:20:00,2024-06-20 16:29:00,41,"Male","Male","White or Causasian","Finland","Christian","Lutheran",12,2,2,3,2,2,1,2,3,5,0,0,3,0,0,5,0,1,4,0,1,3,3,2,4,0,1,2,7,4,7,7,5,7,6,6,3,2,4,2,2,2,2,4,4,5,4,3,4,3,4,4,4,4,4,2.2,38,8,5,25,5.66666666666667,4.33333333333333,6.33333333333333,6.33333333333333,17,9,8,24,23,47
"68","3032859636",2024-06-20 16:21:00,2024-06-20 16:29:00,33,"Female","Female","White or Causasian","Finland","None",NA,8,3,2,2,2,1,2,3,3,4,0,2,2,0,1,4,2,3,4,0,1,5,5,3,3,0,3,5,2,6,7,4,8,4,3,2,3,2,3,4,2,2,3,2,3,4,2,1,4,1,4,1,2,3,4,2,50,16,10,24,4.55555555555556,4.33333333333333,6.33333333333333,3,19,8,11,16,15,31
"69","3655647042",2024-06-20 18:00:00,2024-06-20 18:13:00,42,"Female","Female","White or Sapharic Jew","France","None",NA,0,1,2,2,1,1,3,4,5,5,5,3,3,1,3,4,2,4,5,1,4,5,5,4,5,0,3,2,1,1,2,1,3,2,2,2,4,2,4,1,1,1,1,3,2,2,3,4,4,2,4,4,2,4,5,1.4,74,26,18,30,1.77777777777778,1.33333333333333,2,2,14,10,4,18,21,39
"70","2020839493",2024-06-20 16:32:00,2024-06-20 16:39:00,49,"Male","Male","White or Causasian","France","None",NA,1,1,1,1,1,1,2,1,4,4,0,3,4,3,1,5,5,4,5,1,3,5,5,5,3,0,5,1,6,6,6,6,6,4,4,7,4,2,2,2,2,2,4,2,4,4,2,2,4,2,4,2,4,4,4,1,68,25,15,28,5.11111111111111,4.33333333333333,6,5,18,8,10,18,20,38
"71","8778351028",2024-06-20 16:14:00,2024-06-20 16:21:00,21,"Male","Male","Mixed","France","Muslim",NA,20,2,3,3,4,2,3,3,5,5,2,3,4,1,2,4,2,3,2,1,3,4,2,5,4,4,4,4,2,2,4,7,7,6,7,6,4,2,2,2,2,2,4,2,3,3,3,3,3,2,4,2,4,4,4,2.8,66,25,15,26,5,2.66666666666667,6,6.33333333333333,18,8,10,17,20,37
"72","287683464",2024-06-20 21:25:00,2024-06-20 21:35:00,33,"Male","Male","Rather Not Say","Germany","Christian","Methodist",0,1,1,1,1,1,2,3,3,5,0,0,0,0,1,5,1,2,0,0,1,1,4,3,0,0,1,2,2,1,1,1,3,2,1,1,5,3,1,4,2,1,5,3,3,6,3,4,6,0,6,3,6,6,6,1,32,11,8,13,1.55555555555556,1.66666666666667,1.66666666666667,1.33333333333333,21,9,12,25,27,52
"73","6649856022",2024-06-20 21:20:00,2024-06-20 21:33:00,37,"Male","Male","White or Causasian","Germany","None",NA,0,2,3,1,1,1,3,0,3,5,0,1,4,0,1,5,0,2,5,0,1,4,0,1,5,3,2,1,1,1,9,6,5,9,7,4,3,1,1,1,1,2,1,0,1,4,0,0,4,0,1,0,0,0,4,1.6,45,11,3,31,4.77777777777778,1,6.66666666666667,6.66666666666667,10,5,5,9,5,14
"74","2051154428",2024-06-20 16:24:00,2024-06-20 16:38:00,35,"Male","Male","White or Causasian","Germany","None",NA,0,2,2,1,1,1,4,0,5,5,0,1,2,0,2,5,0,2,4,1,1,3,3,5,4,1,3,2,1,1,8,1,1,2,2,2,4,1,1,1,1,1,1,1,3,1,2,2,2,2,4,1,3,4,1,1.4,51,19,5,27,2.22222222222222,1.33333333333333,3.33333333333333,2,10,6,4,11,15,26
"75","5567618006",2024-06-20 16:21:00,2024-06-20 16:29:00,33,"Male","Male","White or Causasian","Germany","None",NA,0,3,1,1,1,1,2,1,5,3,0,4,2,0,2,4,2,4,3,1,5,4,2,4,4,1,1,2,2,4,7,7,8,8,6,6,3,2,2,4,3,3,3,2,4,3,2,3,4,1,4,2,4,4,5,1.4,54,25,7,22,5.55555555555556,2.66666666666667,7.33333333333333,6.66666666666667,20,7,13,18,20,38
"76","9438200248",2024-06-20 16:28:00,2024-06-20 16:37:00,32,"Female","Female","Black or African American","Ghana","Christian","Presbyterian",100,4,5,5,5,5,5,5,5,5,2,5,2,5,5,5,5,5,5,5,5,2,5,2,5,5,5,2,2,1,1,1,1,1,1,1,3,3,3,3,3,3,3,3,3,3,3,3,3,3,3,3,3,3,3,4.8,93,32,32,29,1.22222222222222,1.66666666666667,1,1,21,9,12,18,18,36
"77","4125727165",2024-06-21 09:56:00,2024-06-21 10:03:00,26,"Male","Male","White or Causasian","Greece","Christian","Orthodox",34,2,4,3,2,2,2,1,4,5,0,3,1,1,3,5,1,4,5,1,2,5,5,5,3,2,1,2,1,3,6,2,8,2,1,3,4,2,3,2,3,3,4,2,3,1,2,1,2,0,4,3,2,4,2,2.6,59,22,11,26,3.11111111111111,2,5.33333333333333,2,21,9,12,11,15,26
"78","4092023615",2024-06-20 16:31:00,2024-06-20 16:38:00,41,"Male","Male","White or Causasian","Greece","None",NA,0,1,1,1,1,1,3,0,3,4,0,0,2,0,1,5,0,5,5,0,3,3,3,4,4,0,3,3,5,7,9,8,9,6,4,2,2,1,1,1,1,1,1,0,0,2,0,0,4,0,1,0,2,1,4,1,48,19,3,26,5.88888888888889,5,8.66666666666667,4,8,4,4,6,8,14
"79","7293733642",2024-06-20 16:33:00,2024-06-20 16:38:00,27,"Male","Male","White or Causasian","Greece","Christian","Orthodox",65,3,5,4,5,4,4,0,2,0,0,0,2,0,0,2,0,1,0,0,0,0,0,1,0,0,0,2,5,5,9,9,4,2,2,6,3,2,3,4,3,2,2,4,3,2,2,2,2,2,3,3,3,2,4,4.2,12,4,0,8,4.88888888888889,4,7.33333333333333,3.33333333333333,19,8,11,15,17,32
"80","1584122894",2024-06-20 16:27:00,2024-06-20 16:37:00,26,"Female","Gender Fluid","White or Causasian","Greece","None",NA,0,3,2,3,1,1,0,3,2,3,1,0,0,1,1,4,4,3,1,0,1,4,5,4,0,5,1,4,4,1,9,9,9,4,4,4,5,2,1,1,1,1,1,2,1,0,2,1,0,1,6,0,2,5,1,2,43,12,19,12,5.33333333333333,3,9,4,12,8,4,6,15,21
"81","550725571",2024-06-20 16:28:00,2024-06-20 16:35:00,22,"Male","Male","White or Causasian","Greece","Christian","Orthodox",30,2,3,3,5,2,2,3,5,5,1,4,3,0,3,4,1,5,4,1,4,5,5,5,2,1,1,2,1,1,5,2,6,2,1,1,3,5,2,2,4,3,2,4,5,3,2,2,3,4,5,3,4,4,4,3,64,27,12,25,2.33333333333333,1.33333333333333,4.33333333333333,1.33333333333333,21,10,11,19,24,43
"82","3908827895",2024-06-20 16:23:00,2024-06-20 16:38:00,21,"Female","Agender","White or Causasian","Hungary","None",NA,25,3,2,1,1,3,4,1,5,5,1,0,3,0,4,5,5,4,2,5,4,1,5,5,3,1,0,1,1,1,2,1,5,1,1,1,5,3,2,1,1,1,1,4,5,4,2,4,4,1,5,2,4,2,5,2,63,22,18,23,1.55555555555556,1,2.66666666666667,1,14,10,4,23,19,42
"83","7682381027",2024-06-20 16:26:00,2024-06-20 16:37:00,30,"Male","Male","White or Sapharic Jew","Hungary","Christian","Catholic",15,2,1,2,2,1,4,3,5,5,0,3,0,0,2,2,1,4,0,0,3,2,0,2,2,0,3,2,3,2,6,7,5,7,6,7,3,3,4,4,2,1,4,3,4,6,2,2,6,1,4,1,4,4,4,1.6,41,22,4,15,5,2.33333333333333,6,6.66666666666667,21,10,11,23,18,41
"84","357632987",2024-06-20 16:27:00,2024-06-20 16:36:00,27,"Male","Male","White or Causasian","Hungary","Christian","Catholic",0,1,1,1,1,1,2,3,5,4,0,0,1,0,3,4,0,5,5,0,4,3,2,3,3,3,2,1,1,1,6,7,6,5,3,3,3,1,1,1,1,1,3,4,3,2,2,3,4,3,4,1,3,4,3,1,52,22,8,22,3.66666666666667,1,6.33333333333333,3.66666666666667,11,5,6,18,18,36
"85","1305783768",2024-06-20 16:30:00,2024-06-20 16:39:00,35,"Female","Female","South Asian","India","Buddhist",NA,12,2,5,3,2,5,5,5,3,5,4,3,4,5,4,5,5,3,5,5,3,5,5,4,5,5,4,2,2,2,4,1,1,1,1,1,4,3,3,4,2,2,3,3,2,2,6,4,5,1,3,2,2,2,2,3.4,92,24,34,34,1.66666666666667,2,2,1,21,10,11,22,12,34
"86","3076837525",2024-06-20 16:29:00,2024-06-20 16:37:00,44,"Female","Female","White or Causasian","Ireland","Christian","Catholic",70,3,5,4,5,4,3,2,5,5,0,1,2,0,3,5,5,2,5,1,5,4,5,0,4,1,0,1,2,2,7,1,1,2,2,1,3,2,1,1,1,1,3,3,3,2,3,4,4,0,4,1,3,4,4,4.2,58,16,14,28,2.11111111111111,1.66666666666667,3,1.66666666666667,12,6,6,19,16,35
"87","4457233613",2024-06-20 21:23:00,2024-06-20 21:34:00,43,"Female","Female","White or Sapharic Jew","Israel","None",NA,9,4,1,1,1,1,5,4,4,5,1,1,4,2,1,4,2,4,4,2,3,4,5,4,4,5,2,2,1,2,3,2,3,1,1,1,3,2,2,2,5,2,3,3,1,4,1,1,5,1,4,1,4,3,5,1.6,70,19,21,30,1.77777777777778,1.66666666666667,2.66666666666667,1,19,7,12,15,18,33
"88","9033028032",2024-06-20 16:25:00,2024-06-20 16:31:00,20,"Male","Male","White or Sapharic Jew","Israel","Hindu",NA,5,2,2,1,2,2,4,4,3,4,0,2,0,1,3,3,1,2,4,0,3,2,1,3,2,0,2,2,3,3,9,9,9,8,3,8,3,2,2,4,2,2,3,4,4,4,3,4,5,3,3,2,2,4,4,1.8,44,18,7,19,6,2.66666666666667,9,6.33333333333333,18,7,11,24,18,42
"89","1835826564",2024-06-21 09:47:00,2024-06-21 09:53:00,30,"Female","Female","White or Causasian","Italy","Christian","Catholic",4,2,1,3,1,1,3,4,3,5,0,4,2,0,2,5,4,3,4,2,4,4,5,5,4,0,4,2,2,2,9,6,6,7,7,5,3,1,1,2,1,1,3,5,3,4,3,4,4,3,5,4,2,4,4,1.6,67,25,15,27,5.11111111111111,2,7,6.33333333333333,12,5,7,23,22,45
"90","4911955469",2024-06-20 21:22:00,2024-06-20 21:41:00,56,"Female","Female","White or Causasian","Italy","Christian","Catholic",25,2,3,3,1,3,5,1,5,5,0,1,4,0,4,4,4,1,2,4,5,3,4,2,3,5,4,2,2,3,3,5,5,2,2,2,4,2,3,3,4,3,4,4,5,5,3,3,4,2,4,4,4,4,4,2.4,66,22,18,26,2.88888888888889,2.33333333333333,4.33333333333333,2,23,9,14,24,22,46
"91","6900931918",2024-06-20 16:31:00,2024-06-20 16:39:00,18,"Male","Male","White or Causasian","Italy","Christian","Catholic",15,1,2,3,3,2,2,1,3,4,1,4,3,4,4,2,2,4,5,2,4,5,5,5,4,4,5,1,1,1,8,4,5,4,4,5,3,2,2,1,2,1,2,3,4,4,1,2,4,0,3,3,4,3,4,2.2,73,29,19,25,3.66666666666667,1,5.66666666666667,4.33333333333333,13,7,6,18,17,35
"92","4777912507",2024-06-20 16:26:00,2024-06-20 16:33:00,45,"Male","Male","White or Causasian","Italy","None",NA,0,1,1,1,1,1,2,2,3,3,0,1,2,0,1,5,1,1,4,1,3,3,2,2,2,0,2,9,1,9,9,8,9,7,7,7,3,2,2,2,3,3,2,2,2,2,3,2,2,2,3,1,2,2,3,1,40,13,6,21,7.33333333333333,6.33333333333333,8.66666666666667,7,17,7,10,13,13,26
"93","6934281812",2024-06-20 16:20:00,2024-06-20 16:30:00,20,"Female","Female","White or Causasian","Italy","None",NA,0,2,2,2,1,2,5,1,2,5,0,1,3,0,0,4,1,4,3,3,1,5,4,3,5,0,1,2,1,1,8,2,3,2,2,2,2,3,4,3,2,2,4,4,5,5,3,3,5,2,5,2,5,6,5,1.8,51,12,9,30,2.55555555555556,1.33333333333333,4.33333333333333,2,20,9,11,25,25,50
"94","4650073909",2024-06-20 16:14:00,2024-06-20 16:21:00,24,"Female","Female","Mixed","Japan","Christian","Catholic",30,2,3,2,5,3,5,3,2,5,1,3,5,1,2,3,4,4,4,2,4,4,5,3,5,3,4,2,2,1,7,5,6,2,2,1,3,1,1,2,1,1,2,4,5,4,4,2,5,2,5,4,4,5,5,3,72,22,19,31,3.11111111111111,1.66666666666667,6,1.66666666666667,11,5,6,24,25,49
"95","8260101485",2024-06-21 09:49:00,2024-06-21 09:55:00,22,"Male","Male","African","Kenya","Christian","Catholic",70,5,5,3,5,5,4,3,1,1,2,2,4,1,3,2,3,3,3,2,3,4,2,3,3,2,3,1,1,1,1,1,1,4,6,5,4,3,3,1,2,1,5,0,6,6,0,4,4,3,4,1,5,3,4,4.6,54,18,15,21,2.33333333333333,1,1,5,19,10,9,20,20,40
"96","2178014662",2024-06-20 21:19:00,2024-06-20 21:40:00,34,"Male","Male","African","Kenya","Christian","Protestant",47,3,3,3,3,3,2,4,5,2,5,3,2,2,4,2,4,3,4,0,5,5,0,0,2,5,5,3,2,4,8,8,9,8,7,5,3,2,2,3,1,1,3,0,4,5,0,1,2,0,2,1,1,3,2,3,64,25,20,19,6,3,8.33333333333333,6.66666666666667,15,7,8,12,9,21
"97","8506770489",2024-06-20 21:15:00,2024-06-20 21:26:00,39,"Male","Male","African","Kenya","Christian","Catholic",63,5,5,3,5,4,5,3,5,5,0,3,5,0,5,5,0,3,3,0,5,3,0,2,5,5,5,2,5,6,9,9,9,8,8,8,4,2,1,5,1,1,2,6,6,6,6,5,6,2,0,6,5,6,6,4.4,67,28,8,31,7.11111111111111,4.33333333333333,9,8,16,7,9,35,25,60
"98","1724163497",2024-06-20 16:32:00,2024-06-20 17:04:00,29,"Male","Male","African","Kenya","Christian","Catholic",18,2,4,2,2,2,1,0,5,2,0,5,1,0,4,2,5,5,0,0,4,0,4,5,1,4,5,5,2,5,8,9,9,8,7,8,5,1,1,1,1,1,3,0,1,6,4,2,4,0,1,5,0,5,5,2.4,53,33,13,7,6.77777777777778,4,8.66666666666667,7.66666666666667,13,7,6,17,16,33
"99","8483382529",2024-06-20 16:41:00,2024-06-20 16:49:00,28,"Male","Male","African","Kenya","Muslim",NA,100,3,5,5,5,3,3,4,5,5,3,3,3,3,2,4,3,3,4,3,4,4,3,2,5,5,3,1,3,3,5,5,5,6,2,2,3,3,3,3,1,1,4,2,4,4,2,1,5,0,6,2,4,6,5,4.2,74,22,24,28,3.55555555555556,2.33333333333333,5,3.33333333333333,18,9,9,18,23,41
"100","5349430156",2024-06-20 16:27:00,2024-06-20 16:38:00,20,"Male","Male","African","Kenya","Christian","Protestant",40,4,3,5,5,3,2,5,5,3,1,2,3,4,3,3,4,5,3,4,1,0,2,3,1,4,2,4,3,3,7,7,8,7,7,7,2,1,1,2,1,1,3,3,6,4,2,4,5,0,6,5,2,6,5,4,60,21,24,15,5.88888888888889,3.33333333333333,7.33333333333333,7,11,4,7,24,24,48
"101","9072712365",2024-06-21 10:12:00,2024-06-21 10:25:00,23,"Female","Female","Latino or Hispanic","Mexico","None",NA,5,3,4,1,3,2,1,3,4,5,0,1,1,2,3,5,2,4,4,0,5,5,1,4,4,3,4,7,8,8,7,9,8,8,6,6,3,1,1,1,2,2,3,3,3,3,1,0,5,0,6,0,6,6,5,2.6,61,25,11,25,7.44444444444444,7.66666666666667,8,6.66666666666667,13,5,8,15,23,38
"102","3430862586",2024-06-21 09:48:00,2024-06-21 10:02:00,30,"Male","Male","Latino or Hispanic","Mexico","None",NA,0,3,1,1,1,1,2,4,3,4,1,1,1,1,1,3,1,1,3,1,2,3,4,3,2,1,1,1,1,1,8,7,5,5,1,1,3,1,2,1,3,3,1,0,0,5,0,0,5,0,4,0,0,1,5,1.4,43,12,13,18,3.33333333333333,1,6.66666666666667,2.33333333333333,14,6,8,10,10,20
"103","8735478033",2024-06-21 09:48:00,2024-06-21 09:56:00,23,"Male","Male","Latino or Hispanic","Mexico","Agnostic",NA,5,2,3,1,2,2,2,0,5,2,1,2,0,1,1,4,3,5,3,5,4,4,5,5,2,4,4,2,2,1,5,2,3,2,1,1,2,1,1,1,1,1,3,2,3,3,4,2,2,0,4,0,3,3,4,2,62,26,19,17,2.11111111111111,1.66666666666667,3.33333333333333,1.33333333333333,10,4,6,16,14,30
"104","8325154606",2024-06-21 09:49:00,2024-06-21 09:56:00,33,"Male","Male","Latino or Hispanic","Mexico","Christian","Catholic",80,3,4,4,5,4,1,5,5,5,0,3,1,0,3,2,1,4,3,1,4,5,2,2,3,0,1,2,3,3,9,7,9,7,2,6,3,2,1,1,4,1,3,1,6,5,6,6,5,0,4,3,5,6,5,4,51,22,9,20,5.33333333333333,2.66666666666667,8.33333333333333,5,15,6,9,29,23,52
"105","9435101164",2024-06-20 21:22:00,2024-06-20 21:37:00,23,"Male","Male","Latino or Hispanic","Mexico","None",NA,13,4,3,1,1,2,5,1,5,5,1,3,4,1,2,4,1,5,5,0,3,5,3,1,4,0,1,8,7,8,9,9,9,6,7,7,1,1,1,1,1,2,4,0,0,1,3,2,3,1,5,0,1,2,2,2.2,59,20,7,32,7.77777777777778,7.66666666666667,9,6.66666666666667,11,3,8,9,11,20
"106","5563701213",2024-06-20 21:16:00,2024-06-20 21:31:00,30,"Female","Female","Mixed","Mexico","Christian","Catholic",10,1,4,1,1,1,3,5,4,4,4,2,2,2,2,3,3,3,3,4,3,4,5,4,3,4,4,1,1,1,5,2,5,1,1,1,3,1,2,1,3,3,2,2,2,3,3,2,4,2,4,2,2,3,3,1.6,71,22,27,22,2,1,4,1,15,6,9,16,16,32
"107","8145486533",2024-06-20 21:24:00,2024-06-20 21:29:00,34,"Male","Male","Latino or Hispanic","Mexico","Christian","Protestant",95,4,5,5,5,4,3,4,5,5,1,2,3,2,4,5,4,5,5,4,5,5,5,5,4,2,3,2,1,1,6,2,3,6,5,3,3,2,2,1,1,1,5,0,2,3,2,1,4,0,4,1,3,4,5,4.6,81,29,22,30,3.22222222222222,1.33333333333333,3.66666666666667,4.66666666666667,15,7,8,12,17,29
"108","5243809896",2024-06-20 21:22:00,2024-06-20 21:28:00,29,"Male","Male","Latino or Hispanic","Mexico","None",NA,1,2,2,2,1,1,3,2,4,3,2,5,1,1,3,5,4,4,2,2,3,1,5,1,1,3,5,1,1,1,9,1,5,2,2,1,4,2,2,1,3,3,2,2,2,3,1,1,4,0,2,1,1,2,3,1.6,60,25,19,16,2.55555555555556,1,5,1.66666666666667,17,8,9,13,9,22
"109","2897612787",2024-06-20 21:19:00,2024-06-20 21:28:00,24,"Female","Female","Latino or Hispanic","Mexico","None",NA,13,2,2,1,3,1,1,3,2,5,0,1,0,0,1,5,3,2,4,0,1,2,5,1,3,0,2,2,2,2,9,3,2,1,1,1,1,1,1,2,1,1,1,1,1,0,1,0,1,1,2,0,1,1,1,1.8,41,10,11,20,2.55555555555556,2,4.66666666666667,1,8,3,5,4,6,10
"110","6087507655",2024-06-20 21:14:00,2024-06-20 21:21:00,23,"Female","Female","Latino or Hispanic","Mexico","Agnostic",NA,10,2,2,1,2,2,1,4,5,4,0,0,3,2,1,4,3,3,2,0,1,3,5,4,2,0,1,3,6,6,9,9,8,5,3,3,3,1,1,1,1,1,3,1,4,4,5,3,2,1,4,0,0,1,1,1.8,48,15,14,19,5.77777777777778,5,8.66666666666667,3.66666666666667,11,5,6,19,7,26
"111","982358902",2024-06-20 16:58:00,2024-06-20 17:10:00,30,"Male","Male","Latino or Hispanic","Mexico","Christian","Catholic",70,4,5,5,5,4,2,0,3,4,0,0,0,0,0,1,0,3,4,0,0,1,0,1,1,0,1,8,9,9,5,3,3,2,2,1,4,2,1,2,1,2,3,3,4,2,3,1,4,3,4,5,3,5,5,4.6,21,8,0,13,4.66666666666667,8.66666666666667,3.66666666666667,1.66666666666667,15,7,8,17,25,42
"112","234774472",2024-06-20 16:33:00,2024-06-20 16:58:00,32,"Female","Female","Latino or Hispanic","Mexico","None",NA,1,2,3,1,3,3,1,4,5,5,1,3,2,1,4,5,3,5,5,4,3,5,5,5,3,5,1,2,1,1,6,2,2,6,4,4,1,1,1,1,2,2,2,2,4,5,2,2,5,0,4,2,2,3,2,2.4,75,26,23,26,3.11111111111111,1.33333333333333,3.33333333333333,4.66666666666667,10,3,7,20,13,33
"113","5513636509",2024-06-20 16:34:00,2024-06-20 16:54:00,29,"Female","Female","Latino or Hispanic","Mexico","None",NA,1,2,4,1,2,3,4,4,4,4,0,1,2,5,2,5,5,4,5,5,5,4,5,4,5,5,5,2,1,2,3,1,1,2,1,1,3,1,2,3,1,1,3,3,6,6,6,5,6,3,6,3,3,5,6,2.4,83,25,29,29,1.55555555555556,1.66666666666667,1.66666666666667,1.33333333333333,14,6,8,32,26,58
"114","5432066287",2024-06-20 16:32:00,2024-06-20 16:52:00,32,"Female","Female","Latino or Hispanic","Mexico","Christian","Catholic",14,3,3,2,3,1,1,2,4,5,0,3,2,3,2,5,3,3,3,1,4,5,5,2,4,1,3,4,8,9,9,9,9,8,6,7,4,1,1,2,1,1,2,1,3,2,2,0,4,0,4,0,2,4,4,2.4,61,21,15,25,7.66666666666667,7,9,7,12,6,6,12,14,26
"115","122842776",2024-06-20 16:34:00,2024-06-20 16:47:00,25,"Female","Female","Latino or Hispanic","Mexico","Christian","Catholic",70,2,4,3,4,4,3,4,5,4,1,2,2,4,5,5,4,5,4,4,5,5,4,4,5,5,5,2,3,4,4,6,7,4,3,1,3,1,2,2,2,2,2,1,5,5,3,3,5,1,3,2,1,3,4,3.4,85,31,26,28,3.77777777777778,3,5.66666666666667,2.66666666666667,14,6,8,22,14,36
"116","8571776574",2024-06-20 16:30:00,2024-06-20 16:44:00,24,"Male","Male","Latino or Hispanic","Mexico","Christian","Catholic",77,2,5,4,4,3,0,5,5,5,0,1,2,2,2,2,2,2,2,2,2,2,2,2,2,5,5,3,2,2,9,5,9,4,3,3,4,3,2,2,1,1,5,3,3,4,3,3,4,2,4,4,3,5,4,3.6,52,19,18,15,4.44444444444444,2.33333333333333,7.66666666666667,3.33333333333333,18,9,9,20,22,42
"117","89452431",2024-06-20 16:32:00,2024-06-20 16:44:00,30,"Female","Female","Latino or Hispanic","Mexico","Christian","Catholic",5,1,3,2,2,3,0,2,2,4,0,2,0,0,2,4,1,2,4,1,2,3,5,2,2,1,2,1,6,6,9,9,9,5,5,7,3,1,1,2,1,1,4,2,3,1,4,5,2,2,3,2,1,3,3,2.2,41,14,10,17,6.33333333333333,4.33333333333333,9,5.66666666666667,13,5,8,17,14,31
"118","1586483668",2024-06-20 16:38:00,2024-06-20 16:43:00,29,"Male","Male","Latino or Hispanic","Mexico","Atheist",NA,0,1,1,1,1,1,5,0,5,5,0,2,3,0,2,5,2,4,5,0,3,5,2,4,5,1,3,2,8,8,9,9,9,6,6,6,5,1,1,1,1,1,2,3,3,5,0,0,5,0,4,0,4,5,5,1,61,23,5,33,7,6,9,6,12,7,5,16,18,34
"119","6104598106",2024-06-20 16:31:00,2024-06-20 16:41:00,38,"Female","Female","Latino or Hispanic","Mexico","None",NA,1,1,2,1,1,1,4,5,5,5,0,4,3,1,4,5,5,4,5,3,5,5,5,4,5,3,5,2,2,2,9,1,7,1,1,1,4,4,2,2,1,2,3,2,2,4,1,0,3,0,4,0,2,3,4,1.2,85,31,22,32,2.88888888888889,2,5.66666666666667,1,18,10,8,12,13,25
"120","3204191604",2024-06-20 16:34:00,2024-06-20 16:40:00,43,"Female","Female","Latino or Hispanic","Mexico","Atheist",NA,2,2,1,2,1,1,3,2,4,4,0,1,2,1,2,4,2,3,4,1,2,4,5,4,1,1,2,2,1,1,5,3,3,3,2,2,4,2,1,3,2,2,4,1,3,4,1,1,4,1,3,1,3,3,4,1.4,52,18,12,22,2.44444444444444,1.33333333333333,3.66666666666667,2.33333333333333,18,7,11,14,15,29
"121","5839990873",2024-06-20 16:32:00,2024-06-20 16:40:00,22,"Male","Male","Latino or Hispanic","Mexico","None",NA,10,2,2,2,2,2,2,2,5,3,1,3,2,2,4,2,1,2,3,1,4,2,2,2,3,1,2,3,1,3,7,6,8,5,3,6,3,3,4,4,4,3,2,2,2,3,1,1,3,3,3,2,5,4,2,2,49,22,10,17,4.66666666666667,2.33333333333333,7,4.66666666666667,23,10,13,12,19,31
"122","5192137338",2024-06-20 16:31:00,2024-06-20 16:39:00,30,"Male","Male","Latino or Hispanic","Mexico","Christian","Catholic",0,1,1,1,1,1,5,0,5,5,0,0,2,0,0,2,0,5,5,0,1,5,5,2,3,0,3,4,3,3,9,9,9,7,4,2,5,1,1,3,1,1,1,2,4,4,2,2,4,0,4,1,0,0,5,1,48,16,5,27,5.55555555555556,3.33333333333333,9,4.33333333333333,13,7,6,18,10,28
"123","5830695297",2024-06-20 16:31:00,2024-06-20 16:39:00,20,"Female","Female","Latino or Hispanic","Mexico","None",NA,14,2,4,2,2,2,0,1,1,0,1,2,1,1,1,2,3,3,3,1,3,0,4,3,2,3,3,1,1,1,8,7,4,5,3,2,5,4,3,3,2,2,4,1,4,5,2,3,4,2,3,1,2,4,3,2.4,38,16,14,8,3.55555555555556,1,6.33333333333333,3.33333333333333,23,12,11,19,15,34
"124","284701893",2024-06-20 16:29:00,2024-06-20 16:39:00,40,"Male","Male","Latino or Hispanic","Mexico","None",NA,32,2,2,2,4,2,5,4,5,5,1,0,3,1,4,3,3,3,5,4,3,3,3,4,4,1,4,2,2,4,3,3,7,5,3,2,3,1,3,3,2,2,2,3,4,3,3,3,3,4,4,4,3,4,3,2.4,68,23,17,28,3.44444444444444,2.66666666666667,4.33333333333333,3.33333333333333,16,7,9,19,22,41
"125","6081729772",2024-06-20 16:32:00,2024-06-20 16:39:00,31,"Male","Male","Latino or Hispanic","Mexico","None",NA,5,2,2,2,1,1,4,1,5,5,0,3,3,0,2,3,3,4,3,1,4,4,1,5,3,0,1,2,2,1,7,8,8,8,2,8,2,2,2,1,2,2,2,2,3,6,2,2,5,2,3,2,2,3,2,1.6,55,24,6,25,5.11111111111111,1.66666666666667,7.66666666666667,6,13,6,7,20,14,34
"126","1380353371",2024-06-20 16:25:00,2024-06-20 16:38:00,32,"Male","Male","Latino or Hispanic","Mexico","None",NA,0,2,1,1,1,1,0,2,4,0,1,4,1,1,3,0,1,3,0,1,5,0,1,4,0,2,3,1,1,1,7,9,7,6,2,1,1,1,2,1,2,4,2,1,2,2,1,0,2,1,4,0,2,2,1,1.2,36,26,9,1,3.88888888888889,1,7.66666666666667,3,13,4,9,8,10,18
"127","7699509456",2024-06-20 16:25:00,2024-06-20 16:36:00,26,"Male","Male","Latino or Hispanic","Mexico","None",NA,25,4,1,2,1,1,0,2,3,3,0,1,1,3,1,3,2,4,4,0,1,0,4,4,2,0,2,7,9,9,9,9,8,6,6,6,3,2,2,1,1,1,3,2,5,4,4,2,4,3,5,3,5,6,4,1.8,40,16,11,13,7.66666666666667,8.33333333333333,8.66666666666667,6,13,7,6,21,26,47
"128","5713494633",2024-06-20 16:29:00,2024-06-20 16:35:00,28,"Male","Male","Latino or Hispanic","Mexico","Agnostic",NA,6,3,2,2,1,1,1,0,5,5,0,0,0,0,1,5,5,4,5,0,1,5,1,4,5,0,1,4,6,7,9,9,9,9,1,8,4,1,1,1,1,3,2,0,2,6,1,1,6,0,2,0,2,2,5,1.8,48,16,6,26,6.88888888888889,5.66666666666667,9,6,13,6,7,16,11,27
"129","1105265101",2024-06-20 16:23:00,2024-06-20 16:32:00,36,"Female","Female","Latino or Hispanic","Mexico","None",NA,0,2,1,1,1,1,5,4,4,4,0,2,1,0,2,3,2,3,1,0,5,5,5,4,4,0,3,1,3,3,9,9,9,5,6,2,2,1,1,1,1,1,3,2,1,3,4,2,3,1,1,0,2,1,1,1.2,57,23,11,23,5.22222222222222,2.33333333333333,9,4.33333333333333,10,4,6,15,6,21
"130","6453673565",2024-06-20 16:24:00,2024-06-20 16:31:00,40,"Male","Male","Latino or Hispanic","Mexico","None",NA,4,1,2,1,2,2,4,1,2,5,0,2,3,0,3,5,0,3,5,0,5,4,0,3,4,0,0,2,1,1,9,9,6,9,8,7,4,4,4,4,2,1,4,1,5,5,2,1,5,0,6,0,4,4,4,1.6,49,18,1,30,5.77777777777778,1.33333333333333,8,8,23,12,11,19,18,37
"131","1431254678",2024-06-20 16:24:00,2024-06-20 16:31:00,35,"Male","Male","Latino or Hispanic","Mexico","Christian","Catholic",20,3,5,3,4,2,1,1,4,3,1,1,1,1,4,4,1,4,4,3,3,4,4,1,2,2,4,2,3,3,5,3,5,4,2,2,3,1,2,1,3,2,3,3,3,2,2,2,3,2,3,2,3,3,3,3.4,53,21,13,19,3.22222222222222,2.66666666666667,4.33333333333333,2.66666666666667,15,6,9,15,16,31
"132","6588440793",2024-06-20 16:16:00,2024-06-20 16:29:00,27,"Male",NA,"Latino or Hispanic","Mexico","Agnostic",NA,5,1,2,1,1,2,5,4,5,5,1,2,4,1,4,1,2,3,0,0,3,5,4,2,5,0,0,1,2,2,9,6,9,1,2,1,4,2,2,1,1,1,3,2,2,5,2,2,6,0,5,0,6,4,5,1.4,56,19,12,25,3.66666666666667,1.66666666666667,8,1.33333333333333,14,8,6,19,20,39
"133","8220689274",2024-06-20 16:17:00,2024-06-20 16:28:00,41,"Female","Female","Latino or Hispanic","Mexico","Christian","Catholic",38,2,3,3,2,1,2,4,4,5,3,2,2,2,1,2,3,2,4,2,2,1,3,2,4,2,5,2,1,2,5,6,1,3,1,1,3,2,1,3,4,2,3,3,3,4,2,1,4,1,2,4,4,3,4,2.2,57,18,19,20,2.44444444444444,1.66666666666667,4,1.66666666666667,18,6,12,17,18,35
"134","3322760609",2024-06-20 16:23:00,2024-06-20 16:27:00,23,"Female","Female","Latino or Hispanic","Mexico","Christian","Catholic",25,4,5,3,3,4,2,3,5,5,1,2,3,1,1,5,5,5,3,1,3,4,5,3,3,1,0,1,1,1,7,2,3,4,1,1,4,1,2,1,1,1,5,3,4,3,4,2,3,6,6,2,3,5,4,3.8,61,19,17,25,2.33333333333333,1,4,2,15,7,8,19,26,45
"135","2528789756",2024-06-20 16:16:00,2024-06-20 16:27:00,33,"Female","Female","Latino or Hispanic","Mexico","Christian","Catholic",9,3,3,1,2,3,4,2,5,5,0,1,4,3,2,5,2,3,4,0,3,5,1,1,5,1,4,1,2,4,9,6,8,5,5,2,3,2,2,2,2,3,4,2,2,3,2,1,3,1,4,2,1,2,4,2.4,60,19,9,32,4.66666666666667,2.33333333333333,7.66666666666667,4,18,7,11,13,14,27
"136","8992343384",2024-06-20 16:17:00,2024-06-20 16:25:00,26,"Female","Female","Latino or Hispanic","Mexico","Christian","Catholic",73,3,5,4,5,4,2,5,3,5,1,3,1,4,3,3,3,2,2,4,4,3,5,4,3,4,3,2,2,2,3,3,5,1,1,2,4,2,2,2,2,1,5,2,4,3,3,3,4,2,4,2,4,6,4,4.2,67,22,26,19,2.33333333333333,2,3.66666666666667,1.33333333333333,18,8,10,19,22,41
"137","602168718",2024-06-20 16:17:00,2024-06-20 16:22:00,24,"Male","Male","Latino or Hispanic","Mexico","None",NA,1,2,3,2,1,2,1,3,5,4,0,4,0,1,3,3,5,5,1,1,5,4,5,3,1,1,3,3,1,2,8,5,7,6,7,3,4,2,1,1,1,2,2,0,2,5,2,0,6,0,5,0,0,3,5,2,58,28,16,14,4.66666666666667,2,6.66666666666667,5.33333333333333,13,7,6,15,13,28
"138","6019588091",2024-06-20 16:12:00,2024-06-20 16:22:00,25,"Male","Male","Latino or Hispanic","Mexico","None",NA,20,2,4,3,1,3,2,1,4,4,0,1,3,2,3,2,2,5,3,3,4,4,1,3,1,2,5,3,3,2,8,7,8,6,4,2,3,2,2,1,1,1,1,4,4,3,6,6,4,3,4,3,2,5,4,2.6,55,25,11,19,4.77777777777778,2.66666666666667,7.66666666666667,4,11,7,4,27,21,48
"139","9464842003",2024-06-20 16:15:00,2024-06-20 16:21:00,33,"Female","Female","Latino or Hispanic","Mexico","Christian","Catholic",94,4,5,4,5,3,3,4,4,5,0,1,1,0,2,5,3,1,4,3,1,2,5,3,3,2,1,2,2,2,7,5,6,2,2,1,3,1,1,1,1,1,3,5,5,4,5,6,5,1,6,2,1,3,2,4.2,53,13,17,23,3.22222222222222,2,6,1.66666666666667,11,5,6,30,15,45
"140","6813872967",2024-06-20 21:21:00,2024-06-20 21:30:00,52,"Male","Male","White or Causasian","New Zealand","Christian","Evangelical",70,3,4,5,5,3,3,2,4,4,0,0,4,0,0,4,0,5,4,2,5,4,1,4,4,0,3,4,4,3,8,8,8,7,6,6,1,1,1,1,1,1,2,3,3,3,3,3,3,0,3,1,1,3,3,4,53,21,5,27,6,3.66666666666667,8,6.33333333333333,8,3,5,18,11,29
"141","3723062401",2024-06-20 16:34:00,2024-06-20 16:41:00,51,"Female","Female","Mixed","New Zealand","None",NA,0,2,1,1,1,1,1,2,5,5,0,1,5,1,2,5,2,2,5,0,2,5,5,1,4,0,1,1,9,9,9,9,9,2,2,1,2,1,1,1,1,1,1,4,5,2,1,2,4,0,6,4,5,5,4,1.2,54,14,10,30,5.66666666666667,6.33333333333333,9,1.66666666666667,8,4,4,18,24,42
"142","1465561734",2024-06-20 16:27:00,2024-06-20 16:37:00,65,"Female","Female","White or Causasian","New Zealand","None",NA,1,4,1,1,1,1,3,3,5,4,1,3,4,3,3,4,3,3,5,2,3,4,4,3,2,4,3,1,1,3,6,1,6,2,2,2,2,2,2,3,2,2,3,2,2,3,2,2,3,0,3,2,2,3,2,1.6,69,23,20,26,2.66666666666667,1.66666666666667,4.33333333333333,2,16,6,10,14,12,26
"143","5765784561",2024-06-20 16:27:00,2024-06-20 16:33:00,34,"Female","Female","South East Asian","New Zealand","None",NA,3,2,2,1,1,2,1,3,4,4,0,1,4,0,3,4,5,4,4,1,3,4,5,4,2,1,3,2,1,1,3,1,1,1,1,1,1,2,1,1,2,1,3,4,4,3,2,1,5,2,4,4,2,2,4,1.6,60,22,15,23,1.33333333333333,1.33333333333333,1.66666666666667,1,11,4,7,19,18,37
"144","7884866231",2024-06-20 16:23:00,2024-06-20 16:31:00,70,"Male","Male","White or Causasian","New Zealand","None",NA,0,2,1,1,1,1,4,0,5,5,0,2,4,1,2,5,2,4,5,2,4,3,2,3,4,5,4,2,3,3,7,4,3,3,4,4,3,1,1,1,1,1,1,3,3,5,3,2,5,1,4,2,1,4,5,1.2,66,24,12,30,3.66666666666667,2.66666666666667,4.66666666666667,3.66666666666667,9,5,4,21,17,38
"145","928256371",2024-06-20 16:21:00,2024-06-20 16:26:00,24,"Male","Male","White or Causasian","New Zealand","None",NA,0,2,2,1,1,1,3,2,4,4,0,4,3,0,2,4,1,5,4,0,4,4,3,2,3,1,3,2,1,1,8,6,8,3,3,2,1,1,2,1,2,4,2,2,1,2,2,1,3,2,4,2,4,3,2,1.4,56,24,7,25,3.77777777777778,1.33333333333333,7.33333333333333,2.66666666666667,13,4,9,11,17,28
"146","4184635661",2024-06-21 09:58:00,2024-06-21 10:03:00,23,"Female","Female","White or Causasian","Poland","None",NA,20,2,2,3,1,1,0,3,5,3,0,1,1,0,3,4,3,0,1,0,4,2,5,1,1,0,1,1,1,1,9,2,7,1,2,1,3,2,4,3,4,2,3,4,3,4,2,1,4,1,4,2,3,4,3,1.8,38,15,11,12,2.77777777777778,1,6,1.33333333333333,21,9,12,18,17,35
"147","3865250199",2024-06-21 09:48:00,2024-06-21 10:01:00,23,"Female","Non-binary","White or Causasian","Poland","None",NA,50,4,3,2,1,2,0,3,5,5,0,0,0,0,5,5,0,5,0,0,5,0,5,5,5,0,0,2,1,1,6,9,9,7,2,1,5,1,1,1,1,1,5,0,4,1,3,0,1,6,4,0,6,4,0,2.4,48,25,8,15,4.22222222222222,1.33333333333333,8,3.33333333333333,15,7,8,9,20,29
"148","8914233880",2024-06-21 09:49:00,2024-06-21 09:55:00,21,"Male","Male","White or Causasian","Poland","None",NA,10,2,2,2,2,1,3,3,4,4,1,2,0,1,3,4,2,0,3,4,3,4,5,4,2,1,1,1,1,1,3,3,3,6,5,2,3,2,1,2,2,2,3,3,4,3,1,2,4,4,3,1,2,4,4,1.8,54,17,17,20,2.77777777777778,1,3,4.33333333333333,15,6,9,17,18,35
"149","6101310894",2024-06-20 18:00:00,2024-06-20 18:11:00,22,"Male","Male","White or Causasian","Poland","Christian","Catholic",30,2,2,3,2,2,5,0,5,5,0,0,2,0,5,5,5,5,4,5,5,5,5,5,3,0,5,2,1,1,2,1,1,1,1,1,5,1,1,4,2,1,4,6,4,4,4,5,4,3,4,5,2,4,4,2.2,74,30,15,29,1.22222222222222,1.33333333333333,1.33333333333333,1,18,7,11,27,22,49
"150","7213068059",2024-06-20 16:25:00,2024-06-20 16:48:00,48,"Male","Male","Middle Eastern","Poland","Christian","Catholic",55,3,4,2,5,4,2,1,5,5,1,1,2,1,3,5,0,4,3,1,2,1,2,2,4,2,3,2,4,4,5,5,5,8,8,8,2,1,1,2,1,1,3,3,3,6,4,4,6,2,4,2,4,4,6,3.6,50,20,8,22,5.44444444444444,3.33333333333333,5,8,11,4,7,26,22,48
"151","738895074",2024-06-20 16:33:00,2024-06-20 16:40:00,26,"Male","Male","White or Causasian","Poland","Christian","Catholic",5,2,2,2,1,1,1,1,4,4,1,1,1,3,2,3,2,4,3,2,3,4,4,3,2,3,2,1,1,1,1,1,5,6,2,1,3,2,3,2,3,3,3,2,3,3,3,3,3,2,3,3,3,2,2,1.6,53,19,16,18,2.11111111111111,1,2.33333333333333,3,19,8,11,17,15,32
"152","7837272291",2024-06-20 16:32:00,2024-06-20 16:40:00,31,"Female","Female","White or Causasian","Poland","Christian","Catholic",14,1,2,3,1,1,1,2,5,5,0,0,0,0,3,1,2,2,1,2,4,1,5,4,2,1,5,1,1,1,9,3,4,2,2,2,2,1,1,1,1,1,4,2,1,3,6,2,4,2,5,1,4,5,3,1.6,46,23,12,11,2.77777777777778,1,5.33333333333333,2,11,4,7,18,20,38
"153","5335915177",2024-06-20 16:26:00,2024-06-20 16:39:00,28,"Male","Male","White or Causasian","Poland","None",NA,0,2,1,2,1,1,5,1,4,5,0,0,2,0,1,5,0,1,5,1,2,1,1,1,2,3,3,2,3,3,8,1,6,3,2,1,3,1,1,1,1,1,3,2,3,3,2,2,4,1,5,1,3,3,4,1.4,43,12,6,25,3.22222222222222,2.66666666666667,5,2,11,5,6,16,17,33
"154","9686885421",2024-06-20 16:28:00,2024-06-20 16:36:00,20,"Male","Male","White or Causasian","Poland","None",NA,10,2,3,1,1,3,0,4,3,5,1,1,0,1,2,4,4,3,2,2,4,3,2,2,1,1,2,2,1,2,1,5,6,2,1,1,4,2,2,2,3,2,3,3,3,4,5,4,3,1,3,2,4,3,4,2,47,17,15,15,2.33333333333333,1.66666666666667,4,1.33333333333333,18,8,10,22,17,39
"155","532457901",2024-06-20 16:30:00,2024-06-20 16:34:00,22,"Male","Male","White or Causasian","Poland","Christian","Catholic",27,2,3,3,2,4,2,2,4,4,1,2,1,2,3,5,2,3,4,2,3,3,2,2,3,2,3,1,1,1,2,2,4,3,5,4,3,4,4,3,3,3,2,1,3,3,2,1,5,1,3,2,2,4,3,2.8,55,20,13,22,2.55555555555556,1,2.66666666666667,4,22,11,11,15,15,30
"156","1725952050",2024-06-20 16:23:00,2024-06-20 16:32:00,22,"Female","Female","White or Causasian","Poland","Christian","Catholic",8,2,2,3,3,1,4,1,3,5,2,0,1,1,2,3,5,4,4,4,3,5,5,4,4,1,5,1,1,1,2,1,1,2,1,1,4,2,3,4,3,3,3,1,3,4,3,2,4,2,1,2,2,1,4,2.2,66,21,19,26,1.22222222222222,1,1.33333333333333,1.33333333333333,22,9,13,17,12,29
"157","7329371592",2024-06-20 16:21:00,2024-06-20 16:28:00,21,"Male","Male","White or Causasian","Poland","None",NA,0,2,2,2,1,2,1,2,2,3,1,0,1,1,1,4,2,1,1,2,2,2,3,1,2,2,4,1,1,1,7,5,5,5,3,4,3,1,1,1,2,1,3,1,1,1,2,2,3,1,3,3,2,3,2,1.8,38,11,13,14,3.55555555555556,1,5.66666666666667,4,12,5,7,10,14,24
"158","5692715112",2024-06-20 16:17:00,2024-06-20 16:24:00,24,"Female","Female","White or Causasian","Poland","None",NA,0,1,3,1,1,1,1,2,2,3,0,0,1,0,1,4,1,2,4,1,2,4,3,2,3,0,1,2,3,3,6,1,7,2,1,1,3,2,3,2,1,1,3,3,4,6,4,2,6,2,4,4,3,4,6,1.4,37,10,7,20,2.88888888888889,2.66666666666667,4.66666666666667,1.33333333333333,15,8,7,25,23,48
"159","7375668434",2024-06-20 16:16:00,2024-06-20 16:21:00,41,"Male","Male","White or Causasian","Poland","Deist",NA,20,3,4,3,2,2,3,1,3,4,0,3,2,1,2,4,3,2,3,1,3,2,3,2,3,0,1,3,3,2,4,2,8,5,2,2,3,3,3,3,3,3,3,2,3,4,3,4,3,3,3,3,2,3,3,2.8,46,16,9,21,3.44444444444444,2.66666666666667,4.66666666666667,3,21,9,12,19,17,36
"160","183944172",2024-06-21 09:49:00,2024-06-21 10:04:00,47,"Male","Male","White or Causasian","Portugal","Anti-religious",NA,0,1,1,1,1,1,3,3,5,5,0,2,2,0,4,5,5,1,5,2,5,4,4,0,4,0,3,2,1,1,9,1,9,2,1,2,3,1,1,1,1,1,3,0,3,4,0,0,6,0,6,0,3,2,2,1,62,20,14,28,3.11111111111111,1.33333333333333,6.33333333333333,1.66666666666667,11,5,6,13,13,26
"161","1797046952",2024-06-21 09:47:00,2024-06-21 09:58:00,23,"Male","Male","White or Causasian","Portugal","Christian","Catholic",10,1,2,2,1,2,4,1,3,5,1,0,1,2,1,2,0,2,3,2,2,1,2,3,1,2,2,1,4,4,6,7,8,6,3,2,2,2,3,5,3,3,4,4,5,6,5,6,6,5,5,2,5,6,5,1.6,40,13,10,17,4.55555555555556,3,7,3.66666666666667,22,7,15,32,28,60
"162","9552635938",2024-06-21 09:47:00,2024-06-21 09:56:00,28,"Female","Female","Mixed","Portugal","Christian","Catholic",5,3,2,2,2,2,3,4,3,5,1,2,3,1,2,5,5,3,4,0,2,4,5,3,4,0,2,2,8,6,9,9,3,3,2,2,3,1,1,1,1,1,2,2,3,4,4,3,4,0,4,2,4,4,5,2.2,61,17,16,28,4.88888888888889,5.33333333333333,7,2.33333333333333,10,5,5,20,19,39
"163","598101785",2024-06-20 21:14:00,2024-06-20 21:24:00,22,"Female","Non-binary","White or Causasian","Portugal","None",NA,11,2,1,2,1,3,2,1,4,4,0,3,2,0,2,4,0,2,3,0,2,4,3,3,1,0,0,1,2,2,9,9,9,9,9,9,4,2,2,2,3,3,3,2,3,3,2,3,3,2,3,2,2,2,3,1.8,40,16,4,20,6.55555555555556,1.66666666666667,9,9,19,8,11,16,14,30
"164","5069253058",2024-06-20 16:22:00,2024-06-20 16:47:00,28,"Male","Male","White or Causasian","Portugal","None",NA,0,2,2,1,1,1,2,2,2,2,2,2,2,2,2,2,2,2,1,1,1,1,1,1,1,2,2,6,8,6,5,5,5,5,5,5,3,3,3,3,3,3,3,1,4,5,1,3,3,3,3,3,3,3,3,1.4,35,12,12,11,5.55555555555556,6.66666666666667,5,5,21,9,12,17,18,35
"165","3059102561",2024-06-20 16:32:00,2024-06-20 16:46:00,40,"Male","Male","White or Causasian","Portugal","Christian","Catholic",10,2,2,2,3,2,1,3,4,3,0,0,3,0,3,4,3,3,4,2,3,3,3,4,2,2,3,2,1,1,8,7,4,6,6,6,4,2,3,3,2,2,3,4,5,5,4,2,4,2,5,5,5,5,4,2.2,53,20,13,20,4.55555555555556,1.33333333333333,6.33333333333333,6,19,9,10,24,26,50
"166","6164816520",2024-06-20 16:33:00,2024-06-20 16:45:00,25,"Female","Female","White or Causasian","Portugal","Christian","Catholic",41,4,3,2,2,3,0,5,1,4,0,3,0,4,3,5,5,4,5,5,3,5,5,5,4,3,4,2,1,1,5,1,1,1,1,1,2,1,1,1,1,1,5,3,4,3,3,2,3,2,5,2,4,3,3,2.8,73,23,27,23,1.55555555555556,1.33333333333333,2.33333333333333,1,12,4,8,18,19,37
"167","8742254006",2024-06-20 16:32:00,2024-06-20 16:44:00,20,"Female","Female","White or Causasian","Portugal","Christian","Catholic",60,4,4,4,5,3,4,3,3,5,1,1,3,2,0,4,1,0,2,4,2,2,5,1,2,1,2,2,2,1,4,2,5,5,4,2,4,3,2,1,2,2,2,3,2,4,2,4,5,3,6,2,5,6,5,4,48,9,17,22,3,1.66666666666667,3.66666666666667,3.66666666666667,16,9,7,20,27,47
"168","1482426098",2024-06-20 16:21:00,2024-06-20 16:42:00,72,"Female",NA,"White or Causasian","Portugal","Pagan",NA,50,3,3,3,3,3,4,3,2,4,2,2,4,2,3,4,2,3,2,4,3,4,4,2,4,5,2,1,2,1,6,2,3,2,2,2,2,1,1,2,1,2,3,2,3,4,2,1,5,1,2,3,2,3,5,3,65,17,22,26,2.33333333333333,1.33333333333333,3.66666666666667,2,12,4,8,17,16,33
"169","5385736068",2024-06-20 16:33:00,2024-06-20 16:42:00,21,"Female","Female","White or Causasian","Portugal","None",NA,15,3,2,1,1,2,0,1,2,3,2,1,1,0,0,1,2,3,4,0,1,2,4,2,2,1,2,1,1,1,7,3,4,2,1,2,3,1,1,1,1,1,2,3,3,0,4,2,3,3,4,2,3,4,3,1.8,34,11,10,13,2.44444444444444,1,4.66666666666667,1.66666666666667,10,5,5,15,19,34
"170","4749993679",2024-06-20 16:31:00,2024-06-20 16:41:00,26,"Female","Female","White or Causasian","Portugal","None",NA,0,2,2,1,2,2,1,5,5,5,0,2,2,1,2,4,2,5,5,1,4,4,5,3,4,1,3,2,5,1,8,2,3,1,1,1,3,1,1,1,1,1,2,2,2,4,3,1,5,1,3,1,3,3,5,1.8,64,24,15,25,2.66666666666667,2.66666666666667,4.33333333333333,1,10,5,5,17,16,33
"171","765615574",2024-06-20 16:33:00,2024-06-20 16:39:00,29,"Female","Female","White or Causasian","Portugal","None",NA,20,3,2,1,1,2,2,3,5,3,0,1,0,0,2,3,5,4,2,3,2,5,5,5,4,3,5,2,1,2,7,3,5,4,2,1,3,2,2,3,1,1,3,3,5,2,2,1,5,0,6,0,4,5,5,1.8,62,24,19,19,3,1.66666666666667,5,2.33333333333333,15,7,8,18,20,38
"172","2927848017",2024-06-20 16:29:00,2024-06-20 16:36:00,26,"Male","Male","White or Causasian","Portugal","Christian","Catholic",1,2,2,2,2,1,0,1,4,4,0,1,4,0,1,3,1,1,3,0,1,5,1,1,3,0,0,1,1,1,5,2,3,1,1,1,2,1,1,2,5,4,2,5,4,5,4,2,3,3,6,2,4,5,6,1.8,34,9,3,22,1.77777777777778,1,3.33333333333333,1,17,4,13,23,26,49
"173","9551185735",2024-06-20 16:29:00,2024-06-20 16:36:00,23,"Female","Female","White or Sapharic Jew","Portugal","None",NA,25,2,3,2,1,1,3,4,5,3,1,1,2,1,3,3,4,5,3,2,3,2,4,5,3,3,3,2,1,1,4,2,5,1,1,1,3,2,2,3,2,2,4,3,4,3,3,2,4,3,3,2,3,3,3,1.8,63,25,19,19,2,1.33333333333333,3.66666666666667,1,18,7,11,19,17,36
"174","1915817842",2024-06-20 16:27:00,2024-06-20 16:35:00,21,"Male","Male","White or Causasian","Portugal","Christian","Catholic",12,2,2,2,1,2,3,2,3,5,0,0,1,0,1,5,0,3,4,1,2,5,3,2,5,1,1,2,2,3,9,9,9,7,4,2,3,2,2,1,1,1,3,3,2,4,3,2,4,1,5,2,2,3,4,1.8,47,12,7,28,5.22222222222222,2.33333333333333,9,4.33333333333333,13,7,6,18,17,35
"175","831157683",2024-06-20 16:23:00,2024-06-20 16:34:00,28,"Female","Female","White or Causasian","Portugal","Christian","Catholic",20,3,5,2,3,3,4,5,2,4,1,4,5,3,4,2,4,3,5,5,4,5,5,4,4,4,4,2,2,2,3,2,3,2,2,1,4,1,1,4,4,3,4,2,4,3,2,4,5,5,4,4,3,4,4,3.2,81,25,27,29,2.11111111111111,2,2.66666666666667,1.66666666666667,21,6,15,20,24,44
"176","7618333848",2024-06-20 16:27:00,2024-06-20 16:33:00,20,"Female","Female","White or Causasian","Portugal","None",NA,0,4,1,1,1,1,1,4,4,2,0,2,0,1,4,4,5,5,2,0,4,1,5,5,2,0,4,3,2,5,8,4,2,8,7,6,4,1,1,1,1,1,1,1,2,1,1,0,3,0,5,0,3,4,3,1.6,55,28,15,12,5,3.33333333333333,4.66666666666667,7,10,6,4,8,15,23
"177","8221550215",2024-06-20 16:27:00,2024-06-20 16:32:00,21,"Male","Male","White or Causasian","Portugal","None",NA,0,1,1,1,1,1,3,1,4,4,0,3,1,1,2,3,1,3,4,0,2,3,0,2,3,0,4,1,1,2,8,8,3,9,9,9,4,1,1,1,2,2,4,3,5,4,5,5,6,0,4,2,4,5,5,1,44,20,3,21,5.55555555555556,1.33333333333333,6.33333333333333,9,15,6,9,28,20,48
"178","7336922629",2024-06-20 16:23:00,2024-06-20 16:31:00,21,"Female","Female","White or Causasian","Portugal","None",NA,0,2,1,2,1,1,1,4,4,4,1,1,2,0,1,4,0,4,4,1,3,5,5,3,3,2,2,1,1,1,9,1,1,1,2,1,2,1,1,3,2,2,2,2,1,2,0,0,3,0,2,1,3,1,4,1.4,54,18,13,23,2,1,3.66666666666667,1.33333333333333,13,4,9,8,11,19
"179","82754449",2024-06-20 16:26:00,2024-06-20 16:30:00,26,"Female","Female","White or Causasian","Portugal","Christian","Catholic",7,4,4,3,3,3,3,3,3,4,0,1,2,4,2,4,2,5,2,1,4,3,5,5,2,1,4,2,2,1,9,1,3,2,2,2,3,1,1,1,1,1,1,1,3,3,1,1,4,2,2,1,1,2,5,3.4,60,24,16,20,2.66666666666667,1.66666666666667,4.33333333333333,2,9,5,4,13,13,26
"180","8675731220",2024-06-20 16:20:00,2024-06-20 16:28:00,23,"Male","Male","White or Causasian","Portugal","None",NA,5,2,1,1,1,2,1,1,5,5,3,0,2,4,3,5,1,1,5,3,3,5,5,1,5,3,1,1,4,2,4,2,9,6,2,1,2,2,2,1,1,2,3,3,5,3,3,0,4,3,2,4,3,4,3,1.4,62,14,20,28,3.44444444444444,2.33333333333333,5,3,13,6,7,18,19,37
"181","2321774880",2024-06-20 16:16:00,2024-06-20 16:26:00,23,"Male","Male","White or Causasian","Portugal","None",NA,10,2,2,1,1,1,1,4,5,5,0,4,0,0,2,5,1,4,2,0,4,2,4,2,1,0,2,2,2,1,9,6,8,2,8,1,3,1,1,1,1,1,3,4,5,5,5,5,5,2,5,2,5,5,5,1.4,48,23,9,16,4.33333333333333,1.66666666666667,7.66666666666667,3.66666666666667,11,5,6,29,24,53
"182","302229250",2024-06-20 16:16:00,2024-06-20 16:22:00,26,"Male","Male","White or Causasian","Portugal","None",NA,0,4,1,1,1,3,0,0,5,5,0,2,0,0,3,3,0,3,5,0,4,4,5,3,3,0,2,2,1,2,9,9,9,9,6,9,2,1,1,1,1,1,3,2,4,1,6,2,6,0,4,1,1,4,1,2,47,22,5,20,6.22222222222222,1.66666666666667,9,8,10,4,6,21,11,32
"183","4492772481",2024-06-20 16:12:00,2024-06-20 16:22:00,57,"Female","Female","White or Causasian","Portugal","None",NA,0,2,2,1,1,2,5,2,5,5,2,2,5,2,2,5,4,4,5,5,5,5,5,5,5,2,3,1,2,3,1,1,5,2,1,1,3,1,1,1,1,1,3,1,3,3,3,1,3,3,6,1,3,3,3,1.6,83,26,22,35,1.88888888888889,2,2.33333333333333,1.33333333333333,11,5,6,14,19,33
"184","7149549476",2024-06-20 16:15:00,2024-06-20 16:21:00,25,"Female","Female","White or Causasian","Portugal","None",NA,5,2,2,1,1,2,4,5,5,5,0,0,0,0,1,5,5,5,3,1,1,3,5,5,3,1,2,2,1,1,6,6,6,2,2,1,3,1,1,1,2,2,3,3,2,5,4,4,6,2,3,3,3,4,6,1.6,59,19,17,23,3,1.33333333333333,6,1.66666666666667,13,5,8,24,21,45
"185","7060681099",2024-06-21 09:49:00,2024-06-21 09:58:00,20,"Male","Male","White or Causasian","Romania","None",NA,0,3,3,2,1,2,2,4,5,5,0,2,1,2,3,5,5,5,5,2,5,5,5,5,4,3,2,2,2,1,3,1,1,1,1,1,3,2,2,1,1,1,3,3,3,2,2,0,3,1,6,0,3,4,2,2.2,75,27,21,27,1.44444444444444,1.66666666666667,1.66666666666667,1,13,7,6,13,16,29
"186","4748780354",2024-06-20 16:23:00,2024-06-20 16:36:00,41,"Male","Male","Middle Eastern","Saudi Arabia","Muslim",NA,90,3,5,5,5,3,4,4,5,5,2,1,5,1,4,5,0,4,5,2,5,5,5,4,4,4,5,1,1,2,6,4,7,3,3,2,4,1,2,4,3,2,3,2,3,4,3,2,5,0,5,0,3,3,5,4.2,79,28,18,33,3.22222222222222,1.33333333333333,5.66666666666667,2.66666666666667,19,7,12,19,16,35
"187","9213584760",2024-06-20 16:33:00,2024-06-20 16:42:00,19,"Female","Female","Rather Not Say","Slovakia","None",NA,0,1,1,1,1,1,4,2,5,5,0,2,2,2,2,2,4,4,4,2,4,3,5,5,4,4,5,1,1,1,9,8,9,4,5,3,3,1,1,1,1,2,1,0,0,3,1,1,3,2,3,1,2,2,3,1,70,27,19,24,4.55555555555556,1,8.66666666666667,4,10,5,5,8,13,21
"188","2108726524",2024-06-21 09:48:00,2024-06-21 10:03:00,25,"Male","Male","African","South Africa","Christian","Baptist",98,4,5,4,5,5,5,3,5,3,5,0,0,1,2,3,2,0,2,0,5,0,0,0,1,5,2,3,2,2,5,3,9,4,2,1,4,1,3,1,1,1,4,0,5,5,4,3,4,0,3,4,5,6,6,4.6,44,14,16,14,3.44444444444444,2.33333333333333,5.66666666666667,2.33333333333333,15,8,7,21,24,45
"189","9418260919",2024-06-21 09:49:00,2024-06-21 10:03:00,24,"Female","Female","African","South Africa","Christian","Methodist",72,3,1,3,5,5,1,4,5,4,3,5,3,2,4,4,5,2,2,2,3,0,5,4,4,2,5,2,1,2,7,1,4,2,1,1,4,1,3,2,2,2,3,3,4,4,5,2,3,0,4,3,6,5,4,3.4,69,28,23,18,2.33333333333333,1.66666666666667,4,1.33333333333333,17,8,9,21,22,43
"190","7639198796",2024-06-21 09:48:00,2024-06-21 10:01:00,23,"Female","Female","African","South Africa","Christian","Lutheran",100,5,5,5,5,5,2,3,5,5,5,0,1,5,0,5,1,5,5,3,4,0,5,0,4,5,1,2,2,4,2,1,1,2,1,5,4,1,1,3,2,1,5,1,6,5,6,3,5,0,5,0,5,4,4,5,64,15,27,22,2.22222222222222,2.66666666666667,1.33333333333333,2.66666666666667,17,6,11,26,18,44
"191","3031045075",2024-06-21 09:47:00,2024-06-21 09:55:00,22,"Female","Female","African","South Africa","None",NA,32,2,3,2,4,4,1,4,5,5,0,1,1,2,4,4,3,5,1,1,2,3,4,3,4,1,4,1,3,1,7,5,1,2,1,3,4,1,1,3,1,2,3,1,6,6,2,0,4,0,5,4,6,4,4,3,58,24,15,19,2.66666666666667,1.66666666666667,4.33333333333333,2,15,6,9,19,23,42
"192","7386348599",2024-06-21 09:47:00,2024-06-21 09:55:00,19,"Female","Female","African","South Africa","None",NA,100,5,5,5,5,5,5,5,5,5,0,0,5,0,3,5,2,5,5,2,5,3,5,3,3,5,5,2,2,1,4,1,7,2,2,2,3,3,1,1,2,1,3,2,5,4,3,3,5,0,5,3,2,4,1,5,76,26,19,31,2.55555555555556,1.66666666666667,4,2,14,7,7,22,15,37
"193","6809913473",2024-06-20 16:32:00,2024-06-21 06:13:00,18,"Female","Female","African","South Africa","Christian","Catholic",81,5,5,5,5,5,5,0,5,5,0,5,2,0,5,5,5,5,4,5,5,5,5,5,5,5,5,2,1,1,9,1,1,2,1,6,4,1,1,5,4,1,5,0,5,2,6,0,2,0,6,0,2,3,3,5,86,35,20,31,2.66666666666667,1.33333333333333,3.66666666666667,3,21,6,15,15,14,29
"194","4136388067",2024-06-20 22:04:00,2024-06-20 22:22:00,23,"Female","Female","African","South Africa","Christian","Baptist",68,3,5,5,5,5,3,5,3,5,3,0,5,4,3,5,4,5,5,1,2,3,5,3,2,1,3,2,2,1,2,2,5,2,2,2,1,1,1,2,4,1,3,2,4,4,5,3,6,3,5,2,4,6,4,4.6,70,19,23,28,2.22222222222222,1.66666666666667,3,2,13,3,10,24,24,48
"195","29896033",2024-06-20 21:32:00,2024-06-20 21:43:00,34,"Male","Male","African","South Africa","Christian","Methodist",74,4,4,5,5,4,3,1,4,5,2,1,5,5,3,5,2,4,5,4,4,4,4,5,5,5,1,3,4,5,6,7,5,3,4,4,4,1,1,3,2,2,3,3,4,4,5,2,3,2,5,2,4,4,3,4.4,77,22,23,32,4.55555555555556,4,6,3.66666666666667,16,6,10,21,20,41
"196","3644793143",2024-06-20 21:25:00,2024-06-20 21:42:00,32,"Female","Female","African","South Africa","Christian","Methodist",100,3,5,5,5,5,5,5,5,5,2,3,5,0,5,5,5,2,5,4,5,3,5,5,5,5,5,2,2,2,1,1,4,1,1,1,5,1,1,2,1,1,1,2,6,4,4,2,6,0,6,0,5,6,5,4.6,89,30,26,33,1.66666666666667,2,2,1,12,7,5,24,22,46
"197","8050047378",2024-06-20 21:24:00,2024-06-20 21:37:00,24,"Female","Female","African","South Africa","Christian","Baptist",100,5,5,5,5,5,5,4,0,5,5,2,5,3,5,5,5,3,5,5,4,5,2,4,5,5,5,7,2,2,4,3,1,1,1,1,3,1,1,3,1,1,2,2,6,2,3,2,5,0,3,0,6,4,4,5,87,23,29,35,2.44444444444444,3.66666666666667,2.66666666666667,1,12,5,7,20,17,37
"198","3506881696",2024-06-20 21:23:00,2024-06-20 21:36:00,42,"Female","Female","African","South Africa","Christian","Catholic",100,4,5,5,5,4,4,4,5,5,4,5,5,3,5,5,3,5,5,3,5,4,5,3,5,4,5,4,3,2,5,5,5,2,2,2,1,1,1,3,1,1,3,1,4,4,3,0,6,0,4,1,4,4,4,4.6,92,33,26,33,3.33333333333333,3,5,2,11,3,8,18,17,35
"199","3489945689",2024-06-20 21:21:00,2024-06-20 21:35:00,29,"Male","Male","African","South Africa","Christian","None",55,3,3,4,3,3,3,4,3,4,4,3,4,2,2,3,4,3,4,3,3,3,4,2,4,3,3,5,6,6,6,6,3,6,6,3,3,4,3,4,3,3,3,2,3,3,2,2,4,2,4,3,4,4,3,3.2,68,19,24,25,5.22222222222222,5.66666666666667,5,5,23,10,13,16,20,36
"200","1823989294",2024-06-20 21:22:00,2024-06-20 21:30:00,28,"Female","Female","African","South Africa","Christian","Lutheran",60,3,5,2,5,2,0,4,5,5,0,0,5,2,2,5,5,2,5,3,0,0,5,2,5,2,3,2,4,4,5,9,9,4,2,2,5,3,1,1,5,1,3,0,5,5,4,4,5,1,6,3,4,6,5,3.4,60,14,21,25,4.55555555555556,3.33333333333333,7.66666666666667,2.66666666666667,19,9,10,23,25,48
"201","4805223559",2024-06-20 21:18:00,2024-06-20 21:28:00,29,"Male","Male","African","South Africa","None",NA,20,3,5,2,2,4,5,1,5,5,0,2,4,1,3,5,0,2,5,3,3,4,2,4,5,2,5,2,2,3,4,3,5,7,4,5,3,3,3,2,2,2,2,4,4,2,3,3,3,1,5,3,4,4,3,3.2,66,24,9,33,3.88888888888889,2.33333333333333,4,5.33333333333333,17,9,8,19,20,39
"202","9184536",2024-06-20 21:20:00,2024-06-20 21:27:00,25,"Male","Male","Black or African American","South Africa","Muslim",NA,70,3,4,4,5,4,3,4,5,4,2,3,3,3,3,5,5,5,5,5,5,5,5,5,4,4,4,2,1,1,1,1,2,2,2,2,4,3,3,3,3,1,3,2,4,3,3,2,5,2,4,2,3,4,4,4,87,30,28,29,1.55555555555556,1.33333333333333,1.33333333333333,2,20,10,10,19,19,38
"203","9699852356",2024-06-20 21:19:00,2024-06-20 21:25:00,29,"Female","Female","African","South Africa","Christian","Presbyterian",89,3,5,5,5,4,5,3,5,4,3,1,4,4,5,5,5,5,5,5,4,5,5,2,5,3,3,2,2,1,3,1,2,2,2,1,5,1,1,1,1,1,5,1,6,3,4,3,4,1,6,3,6,6,5,4.4,86,25,28,33,1.77777777777778,1.66666666666667,2,1.66666666666667,15,7,8,21,27,48
"204","8716862639",2024-06-20 21:19:00,2024-06-20 21:24:00,31,"Male","Male","African","South Africa","None",NA,9,2,5,1,2,4,3,1,5,5,0,5,3,0,2,4,3,4,3,0,5,4,3,2,3,3,5,2,1,2,9,4,9,7,7,5,3,2,1,4,3,1,3,5,6,4,6,3,5,2,4,3,4,3,4,2.8,63,28,10,25,5.11111111111111,1.66666666666667,7.33333333333333,6.33333333333333,17,6,11,29,20,49
"205","7113875991",2024-06-20 21:13:00,2024-06-20 21:23:00,29,"Female","Female","African","South Africa","Christian","Apostolic",100,5,5,5,5,4,5,2,5,5,0,3,4,2,2,4,0,4,5,3,4,1,5,2,4,4,5,2,2,2,5,5,6,6,6,7,3,2,2,3,2,2,3,0,6,3,5,5,3,0,5,3,4,6,4,4.8,69,25,16,28,4.55555555555556,2,5.33333333333333,6.33333333333333,17,7,10,22,22,44
"206","9761416399",2024-06-20 16:33:00,2024-06-20 16:48:00,45,"Female","Female","African","South Africa","Christian","Anglican",81,3,4,3,5,4,5,2,5,5,0,3,5,1,4,5,4,4,5,5,3,5,5,4,4,5,4,2,2,1,1,1,1,2,2,2,4,2,2,3,2,2,4,2,4,4,1,1,5,1,4,2,4,4,4,3.8,83,27,22,34,1.55555555555556,1.66666666666667,1,2,19,8,11,17,19,36
"207","8330083497",2024-06-20 16:28:00,2024-06-20 16:47:00,30,"Female","Female","African","South Africa","Christian","Lutheran",50,2,4,2,3,3,4,0,4,3,0,2,2,0,3,2,4,3,5,1,5,1,5,1,2,1,5,2,1,1,7,1,5,2,2,3,3,2,3,3,2,2,3,3,4,4,3,3,3,3,3,3,4,5,3,2.8,53,23,11,19,2.66666666666667,1.33333333333333,4.33333333333333,2.33333333333333,18,8,10,20,21,41
"208","5944270378",2024-06-20 16:33:00,2024-06-20 16:47:00,24,"Male","Male","African","South Africa","Christian","Protestant",85,3,5,5,5,5,5,5,5,5,5,5,5,5,5,5,5,5,5,5,5,5,3,3,5,4,5,5,3,3,3,6,6,3,1,2,3,3,3,3,2,1,1,3,6,5,3,2,6,0,6,1,6,6,6,4.6,100,33,32,35,3.55555555555556,3.66666666666667,5,2,16,9,7,25,25,50
"209","1764813836",2024-06-20 16:34:00,2024-06-20 16:45:00,27,"Female","Female","African","South Africa","Christian","Baptist",100,5,5,5,5,5,3,3,5,5,5,5,3,5,0,5,0,5,5,5,5,2,5,5,5,5,5,1,3,1,1,1,1,3,2,7,5,1,1,5,1,1,5,0,6,6,6,0,6,0,6,6,6,6,6,5,86,30,28,28,2.22222222222222,1.66666666666667,1,4,19,7,12,24,30,54
"210","1740339961",2024-06-20 16:29:00,2024-06-20 16:42:00,40,"Female","Female","South Asian","South Africa","Christian","Evangelical",100,4,5,5,5,5,5,5,5,5,3,5,5,3,3,5,3,5,5,3,5,5,5,5,5,5,3,2,2,1,1,1,1,1,1,1,4,1,1,3,3,3,3,3,3,1,3,3,1,4,3,3,4,4,3,4.8,93,31,27,35,1.22222222222222,1.66666666666667,1,1,18,6,12,14,21,35
"211","2660214372",2024-06-20 16:30:00,2024-06-20 16:41:00,28,"Female","Female","Mixed","South Africa","Christian","Congregationalist",63,3,5,4,5,5,4,4,3,4,3,4,3,2,2,3,1,2,2,3,2,1,4,5,3,0,5,2,4,3,1,1,1,2,1,1,3,1,1,2,1,1,3,4,4,1,6,0,1,0,2,1,4,4,5,4.4,60,23,17,20,1.77777777777778,3,1,1.33333333333333,12,5,7,16,16,32
"212","4490720323",2024-06-20 16:32:00,2024-06-20 16:41:00,21,"Female","Female","African","South Africa","Christian","Methodist",100,2,5,4,5,5,2,1,4,4,0,1,2,3,2,3,1,4,4,2,2,3,5,2,3,5,3,2,2,1,3,1,9,2,1,1,4,1,2,3,1,1,4,5,6,1,5,5,3,2,5,4,5,5,3,4.2,56,18,17,21,2.44444444444444,1.66666666666667,4.33333333333333,1.33333333333333,16,7,9,25,24,49
"213","5784808388",2024-06-20 16:32:00,2024-06-20 16:40:00,25,"Male","Male","African","South Africa","Christian","Catholic",85,5,5,5,5,5,3,5,5,5,0,0,0,1,5,0,5,5,5,5,5,0,5,2,3,1,4,2,2,2,1,1,8,3,2,2,3,1,2,1,2,1,3,1,6,6,5,1,6,0,5,3,6,6,6,5,64,26,22,16,2.55555555555556,2,3.33333333333333,2.33333333333333,13,6,7,25,26,51
"214","9057266547",2024-06-20 16:27:00,2024-06-20 16:40:00,31,"Female","Female","African","South Africa","None",NA,0,2,2,1,1,2,2,4,5,4,2,3,2,2,5,5,5,3,5,2,5,4,5,5,5,1,5,1,2,3,5,1,7,2,2,4,5,3,1,1,2,1,3,1,2,1,1,1,1,0,1,0,1,1,0,1.6,79,31,21,27,3,2,4.33333333333333,2.66666666666667,16,9,7,7,3,10
"215","7432749956",2024-06-20 16:31:00,2024-06-20 16:40:00,22,"Male","Male","African","South Africa","Christian","Seventh Day Adventist",80,3,5,5,5,4,1,1,4,5,0,1,1,2,5,1,2,5,5,3,5,5,5,5,4,5,3,1,1,1,5,1,3,3,3,2,3,1,1,3,2,1,3,2,4,5,2,3,3,0,6,2,2,4,3,4.4,68,28,18,22,2.22222222222222,1,3,2.66666666666667,14,5,9,19,17,36
"216","2374898426",2024-06-20 16:32:00,2024-06-20 16:39:00,30,"Female","Female","African","South Africa","Christian","Baptist",92,4,5,5,5,5,2,5,5,5,3,3,2,2,2,5,3,3,0,5,0,2,1,3,1,3,3,2,2,2,1,2,1,1,1,1,5,1,1,2,4,1,3,2,3,3,2,2,3,3,6,3,4,4,3,4.8,58,19,22,17,1.44444444444444,2,1.33333333333333,1,17,7,10,15,23,38
"217","7439904184",2024-06-20 16:29:00,2024-06-20 16:39:00,24,"Female","Female","African","South Africa","Christian","Lutheran",75,5,5,4,5,5,0,1,3,5,0,1,0,2,2,5,5,4,3,3,2,5,5,5,3,5,5,2,3,3,5,1,3,2,2,1,3,1,1,1,1,1,2,6,5,4,2,6,3,1,4,4,6,6,3,4.8,64,22,21,21,2.44444444444444,2.66666666666667,3,1.66666666666667,10,5,5,26,24,50
"218","2389011321",2024-06-20 16:28:00,2024-06-20 16:38:00,21,"Female","Female","African","South Africa","Christian","Catholic",99,3,5,5,5,5,4,1,5,5,2,2,5,3,4,5,2,5,5,5,5,5,5,5,3,2,5,7,7,6,4,5,5,7,8,6,5,1,1,3,2,1,2,3,3,3,4,4,3,3,3,1,3,3,3,4.6,83,31,20,32,6.11111111111111,6.66666666666667,4.66666666666667,7,15,7,8,20,16,36
"219","6573347347",2024-06-20 16:24:00,2024-06-20 16:38:00,25,"Female","Female","African","South Africa","Christian","Baptist",100,5,5,5,5,5,5,5,5,5,5,0,5,5,0,5,5,5,5,5,3,5,5,2,5,5,5,2,1,2,1,1,1,1,1,1,3,1,1,3,1,1,2,0,6,3,0,6,4,0,6,0,6,6,6,5,90,20,35,35,1.22222222222222,1.66666666666667,1,1,12,5,7,19,24,43
"220","7936026056",2024-06-20 16:28:00,2024-06-20 16:36:00,22,"Male","Male","African","South Africa","Christian","Catholic",80,3,5,4,5,3,1,5,3,3,0,1,2,2,1,3,2,1,2,4,1,2,4,0,2,4,3,2,1,2,4,1,6,2,2,1,4,1,1,3,3,2,3,1,4,4,1,0,4,0,5,0,3,3,3,4,46,10,21,15,2.33333333333333,1.66666666666667,3.66666666666667,1.66666666666667,17,6,11,14,14,28
"221","2417938915",2024-06-20 16:24:00,2024-06-20 16:36:00,34,"Female","Female","African","South Africa","Christian","Catholic",65,3,5,4,5,3,3,4,5,5,2,0,1,2,5,4,1,1,4,2,5,2,5,1,3,1,1,2,2,2,5,1,4,7,3,2,4,2,3,3,2,2,3,2,4,4,3,2,4,1,5,2,3,4,4,4,57,18,17,22,3.11111111111111,2,3.33333333333333,4,19,9,10,19,19,38
"222","4532460482",2024-06-20 16:28:00,2024-06-20 16:36:00,33,"Female","Female","African","South Africa","Christian","Methodist",75,4,5,3,5,4,3,4,5,5,3,2,5,1,4,4,2,5,5,4,2,3,5,4,5,5,1,1,2,3,7,2,3,2,2,2,4,3,4,2,1,1,2,2,6,0,3,0,4,0,6,2,5,6,3,4.2,77,23,24,30,2.66666666666667,2,4,2,17,11,6,15,22,37
"223","8018093971",2024-06-20 16:29:00,2024-06-20 16:36:00,40,"Male","Male","White or Causasian","South Africa","None",NA,0,4,1,1,1,1,3,2,2,5,0,1,4,1,2,5,1,2,2,1,3,5,1,0,4,1,2,2,1,3,8,6,6,2,2,2,4,2,3,1,1,2,2,1,2,1,2,1,4,0,4,0,4,4,4,1.6,47,12,7,28,3.55555555555556,2,6.66666666666667,2,15,9,6,11,16,27
"224","4083079725",2024-06-20 16:28:00,2024-06-20 16:35:00,27,"Male","Male","African","South Africa","Christian","Baptist",100,4,5,5,4,5,5,5,5,5,3,3,5,5,5,5,5,5,5,3,5,5,5,5,5,5,5,7,7,9,9,1,9,6,4,7,3,1,1,5,1,1,3,0,6,6,0,0,6,0,6,4,6,6,6,4.6,99,33,31,35,6.55555555555556,7.66666666666667,6.33333333333333,5.66666666666667,15,5,10,18,28,46
"225","3499276801",2024-06-20 16:23:00,2024-06-20 16:34:00,31,"Female","Female","African","South Africa","Christian","Methodist",57,3,4,2,5,3,2,5,5,3,3,5,2,1,5,5,5,5,5,2,5,5,5,5,5,1,5,1,7,3,8,4,6,4,5,3,3,1,2,1,3,4,1,3,2,0,0,0,2,0,0,0,0,0,0,3.4,84,35,22,27,4.55555555555556,3.66666666666667,6,4,15,6,9,7,0,7
"226","8955465085",2024-06-20 16:21:00,2024-06-20 16:33:00,22,"Male","Male","African","South Africa","Christian","Baptist",77,3,4,3,5,5,4,4,5,5,0,0,1,2,3,4,2,5,5,3,4,1,3,1,3,0,4,4,6,3,8,9,8,5,6,7,3,1,2,3,2,2,3,4,4,3,4,3,3,1,6,3,2,4,4,4,59,22,14,23,6.22222222222222,4.33333333333333,8.33333333333333,6,16,6,10,21,20,41
"227","917470885",2024-06-20 16:19:00,2024-06-20 16:31:00,30,"Female","Female","African","South Africa","Christian","Pentecostal",100,5,5,2,5,5,5,0,5,5,0,4,2,0,5,5,5,5,5,5,2,3,5,2,2,5,5,2,2,4,5,1,4,1,2,1,5,1,1,1,1,1,5,0,6,6,6,6,6,0,6,0,5,6,6,4.4,75,28,20,27,2.44444444444444,2.66666666666667,3.33333333333333,1.33333333333333,15,7,8,30,23,53
"228","4969917310",2024-06-20 16:13:00,2024-06-20 16:29:00,23,"Female","Female","African","South Africa","Christian","Methodist",100,3,5,5,5,4,5,5,4,5,1,1,5,4,4,5,5,4,5,2,3,3,5,2,4,5,4,5,2,3,9,1,9,2,2,2,1,1,1,2,1,1,3,0,6,5,3,0,6,5,6,0,4,6,5,4.4,81,22,27,32,3.88888888888889,3.33333333333333,6.33333333333333,2,10,3,7,20,26,46
"229","6630961288",2024-06-20 16:20:00,2024-06-20 16:29:00,22,"Female","Female","African","South Africa","Christian","Baptist",49,5,5,4,5,5,4,4,5,5,0,1,2,4,4,5,1,4,5,5,4,2,5,5,4,4,5,2,2,2,2,1,1,2,2,1,4,1,1,3,1,1,5,1,6,6,1,1,5,3,1,0,3,4,4,4.8,78,28,23,27,1.66666666666667,2,1.33333333333333,1.66666666666667,16,6,10,20,15,35
"230","1624766359",2024-06-20 16:21:00,2024-06-20 16:28:00,24,"Female","Female","African","South Africa","Christian","Catholic",70,4,5,4,5,5,1,4,3,4,4,1,3,5,4,5,4,4,5,5,4,3,5,4,5,5,4,2,3,2,1,3,1,1,1,2,4,1,1,1,1,1,3,2,4,3,5,5,3,0,4,1,4,3,4,4.6,82,24,32,26,1.77777777777778,2.33333333333333,1.66666666666667,1.33333333333333,12,6,6,22,16,38
"231","5310841075",2024-06-20 16:18:00,2024-06-20 16:26:00,30,"Female","Female","African","South Africa","Christian","Catholic",50,3,4,2,2,2,3,3,5,3,0,5,2,0,3,3,5,5,3,0,5,0,5,5,3,5,4,2,2,2,1,1,5,2,2,2,3,3,2,1,1,1,1,3,4,3,6,1,6,0,6,2,4,6,4,2.6,67,32,18,17,2.11111111111111,2,2.33333333333333,2,12,8,4,23,22,45
"232","9637943886",2024-06-20 16:16:00,2024-06-20 16:26:00,51,"Female","Female","African","South Africa","Christian","Catholic",93,4,5,5,5,5,5,5,5,5,1,2,5,2,2,5,1,2,5,5,5,3,5,5,5,5,5,2,2,3,5,2,9,1,1,1,3,1,1,4,1,1,5,4,6,0,6,6,0,6,6,6,6,6,6,4.8,83,26,24,33,2.88888888888889,2.33333333333333,5.33333333333333,1,16,5,11,22,36,58
"233","1918129842",2024-06-20 16:18:00,2024-06-20 16:22:00,20,"Male","Male","African","South Africa","Christian","Methodist",100,5,5,5,5,4,5,5,5,5,0,2,4,2,3,5,5,4,5,5,5,0,5,2,2,5,5,2,3,2,1,1,1,1,1,2,5,1,1,4,1,1,5,0,6,6,4,2,6,0,6,0,6,6,6,4.8,79,26,27,26,1.55555555555556,2.33333333333333,1,1.33333333333333,18,7,11,24,24,48
"234","1793792714",2024-06-20 21:26:00,2024-06-20 21:33:00,31,"Male","Male","Latino or Hispanic","Spain","None",NA,11,3,3,1,1,2,2,1,2,4,5,2,2,2,3,4,3,3,2,3,4,3,5,5,3,3,2,1,1,1,4,2,1,2,8,2,3,3,3,3,3,2,3,2,1,2,1,1,2,2,1,1,1,0,1,2,63,21,22,20,2.44444444444444,1,2.33333333333333,4,20,9,11,9,6,15
"235","3584374418",2024-06-20 16:26:00,2024-06-20 16:35:00,23,"Male","Male","Latino or Hispanic","Spain","Christian","Catholic",0,1,4,1,1,3,4,5,5,5,0,0,5,0,5,3,5,5,2,0,5,0,5,2,2,0,5,2,1,2,1,8,1,8,1,7,4,1,1,1,5,1,5,0,3,3,6,2,4,0,4,1,5,6,5,2,63,27,15,21,3.44444444444444,1.66666666666667,3.33333333333333,5.33333333333333,18,6,12,18,21,39
"236","3618962858",2024-06-20 16:25:00,2024-06-20 16:31:00,45,"Female","Female","White or Sapharic Jew","Spain","Christian","Catholic",20,1,2,1,1,1,4,1,2,1,1,2,2,1,1,2,1,1,2,1,1,1,0,1,1,1,2,2,2,2,5,3,4,4,6,4,4,3,4,4,2,3,4,2,5,4,1,2,4,1,5,1,4,5,5,1.2,29,10,6,13,3.55555555555556,2,4,4.66666666666667,24,11,13,18,21,39
"237","138359651",2024-06-20 16:24:00,2024-06-20 16:31:00,33,"Female","Female","Latino or Hispanic","Spain","Spiritualist",NA,85,3,5,4,5,4,4,3,3,4,0,2,2,0,4,5,3,1,5,0,4,4,4,2,4,2,3,7,2,7,9,9,9,6,5,5,4,2,2,1,2,2,4,3,2,3,4,4,3,3,3,3,3,3,4,4.2,59,19,12,28,6.55555555555556,5.33333333333333,9,5.33333333333333,17,8,9,19,19,38
"238","4721690713",2024-06-20 16:23:00,2024-06-20 16:30:00,23,"Male","Male","Latino or Hispanic","Spain","None",NA,3,3,4,1,1,2,2,1,4,4,0,1,3,0,1,4,0,3,3,0,4,2,1,1,2,0,1,4,3,3,9,9,9,9,9,7,4,1,1,1,2,2,4,5,3,3,2,2,4,0,4,1,2,4,4,2.2,37,15,2,20,6.88888888888889,3.33333333333333,9,8.33333333333333,15,6,9,19,15,34
"239","7278392523",2024-06-20 16:22:00,2024-06-20 16:28:00,42,"Female","Agender","Rather Not Say","Spain","None",NA,0,2,1,1,1,1,2,4,3,5,0,1,2,1,1,5,3,2,4,0,1,2,5,1,4,0,1,1,2,3,9,5,8,1,1,1,3,2,2,1,1,1,2,1,2,1,1,1,2,1,4,1,3,4,4,1.2,47,10,13,24,3.44444444444444,2,7.33333333333333,1,12,7,5,8,17,25
"240","1832362981",2024-06-20 16:16:00,2024-06-20 16:22:00,36,"Male","Male","White or Causasian","Spain","Christian","Protestant",100,5,5,1,5,3,5,5,5,5,5,2,5,5,3,5,2,5,5,5,5,5,5,2,5,5,2,2,1,1,1,1,1,1,1,1,3,5,5,1,5,5,1,3,3,4,3,3,4,3,4,4,4,4,4,3.8,91,24,32,35,1.11111111111111,1.33333333333333,1,1,25,13,12,20,23,43
"241","498504105",2024-06-20 16:37:00,2024-06-20 16:41:00,18,"Male","Male","White or Causasian","Sweden","None",NA,10,2,2,2,1,1,0,1,4,4,1,1,5,3,1,3,3,2,3,1,3,2,3,3,1,1,1,1,1,1,7,8,5,6,2,2,4,4,3,4,2,2,3,2,4,5,2,3,4,2,5,2,4,5,4,1.6,46,15,13,18,3.66666666666667,1,6.66666666666667,3.33333333333333,22,11,11,20,22,42
"242","4981937890",2024-06-20 16:27:00,2024-06-20 16:36:00,35,"Male","Male","White or Causasian","Sweden","Christian","Non-religious Christian",16,3,3,1,1,2,1,2,3,4,0,0,3,1,1,4,1,3,4,2,2,3,3,3,3,0,2,2,7,3,3,2,5,2,2,2,3,2,2,3,2,2,4,3,3,3,3,3,3,1,4,3,4,4,3,2,45,14,9,22,3.11111111111111,4,3.33333333333333,2,18,7,11,18,19,37
"243","3099261747",2024-06-20 16:18:00,2024-06-20 16:28:00,26,"Male","Non-binary","White or Causasian","Sweden","None",NA,10,3,2,1,1,2,1,5,2,3,1,2,1,1,1,2,2,1,2,1,1,1,2,2,2,1,2,5,2,2,5,3,5,2,2,1,2,1,1,1,1,2,2,1,1,1,1,0,5,1,4,0,3,5,3,1.8,36,11,13,12,3,3,4.33333333333333,1.66666666666667,10,4,6,9,16,25
"244","6350766988",2024-06-20 16:21:00,2024-06-20 16:25:00,32,"Female","Non-binary","White or Causasian","Sweden","None",NA,0,2,4,1,1,2,1,5,5,5,5,3,0,2,2,4,3,5,5,5,5,5,5,5,5,5,5,1,1,1,6,1,1,2,1,1,2,3,3,3,3,2,3,3,4,5,3,3,4,2,4,3,3,3,5,2,85,30,30,25,1.66666666666667,1,2.66666666666667,1.33333333333333,19,8,11,22,20,42
"245","6824515738",2024-06-20 16:15:00,2024-06-20 16:20:00,49,"Female","Female","White or Causasian","Sweden","None",NA,2,2,2,2,2,2,1,4,3,5,0,0,2,0,0,5,5,5,5,0,2,5,0,5,5,0,0,2,5,5,7,1,9,2,2,2,3,1,1,1,3,2,2,0,0,3,0,0,1,1,0,0,0,0,3,2,52,15,9,28,3.88888888888889,4,5.66666666666667,2,13,5,8,4,4,8
"246","7016250951",2024-06-20 16:32:00,2024-06-20 16:39:00,24,"Female","Female","Mixed","Tunisia","Muslim",NA,100,3,5,4,5,4,1,5,5,5,1,1,4,5,4,5,5,5,4,5,4,4,5,5,4,5,4,1,1,1,1,1,1,1,1,1,4,1,3,4,1,1,5,2,3,4,4,3,3,3,4,4,4,4,3,4.2,86,28,31,27,1,1,1,1,19,8,11,19,22,41
"247","1940120565",2024-06-20 16:28:00,2024-06-20 16:48:00,34,"Female","Female","White or Causasian","Turkey","None",NA,0,1,2,1,2,2,0,0,1,5,2,3,5,0,5,4,5,2,3,3,5,5,5,1,3,0,4,2,3,4,6,7,9,3,2,2,5,1,2,1,5,1,2,1,3,3,3,4,4,5,3,1,1,1,2,1.6,61,21,15,25,4.22222222222222,3,7.33333333333333,2.33333333333333,17,8,9,18,13,31
"248","3915626519",2024-06-20 16:18:00,2024-06-20 16:24:00,23,"Female","Female","White or Causasian","Turkey","None",NA,15,3,3,1,1,3,2,1,4,4,0,3,1,0,3,5,3,4,3,1,4,1,5,5,5,0,3,2,1,1,8,3,4,6,2,1,4,1,1,1,1,1,3,1,3,3,1,1,3,1,5,2,1,3,3,2.2,57,26,10,21,3.11111111111111,1.33333333333333,5,3,12,6,6,12,15,27
"249","8614764473",2024-06-21 10:11:00,2024-06-21 10:14:00,31,"Male","Male","White or Causasian","United Kingdom","None",NA,6,2,2,1,1,2,4,2,5,3,0,1,4,1,3,4,1,5,5,1,3,4,3,3,3,0,2,3,3,6,7,6,7,6,6,6,4,2,2,3,2,2,4,1,1,3,2,2,5,0,3,1,1,2,5,1.6,57,22,8,27,5.55555555555556,4,6.66666666666667,6,19,8,11,14,12,26
"250","4838168923",2024-06-21 09:55:00,2024-06-21 10:02:00,20,"Female","Female","White or Causasian","United Kingdom","None",NA,28,2,2,1,1,1,2,3,4,4,0,2,3,1,1,3,2,3,2,0,1,3,4,3,3,0,1,6,6,4,8,7,8,3,5,2,3,1,1,2,1,2,4,2,3,3,3,4,3,2,3,2,3,4,3,1.4,45,15,10,20,5.44444444444444,5.33333333333333,7.66666666666667,3.33333333333333,14,5,9,18,17,35
"251","3534960282",2024-06-20 21:26:00,2024-06-20 21:31:00,27,"Male","Male","White or Causasian","United Kingdom","None",NA,0,2,1,1,1,1,1,1,4,4,0,0,3,1,1,4,1,5,5,1,3,3,5,5,5,3,3,2,1,1,7,1,1,2,2,2,3,1,1,3,2,2,3,0,2,2,2,0,3,0,3,1,2,4,2,1.2,58,21,12,25,2.11111111111111,1.33333333333333,3,2,15,5,10,9,12,21
"252","5094430055",2024-06-20 21:23:00,2024-06-20 21:30:00,29,"Female","Gender Queer","White or Causasian","United Kingdom","None",NA,26,4,1,1,1,1,3,0,4,5,0,0,0,0,0,5,3,5,5,0,3,5,5,5,5,0,1,2,5,5,9,9,9,4,2,2,3,4,2,1,1,1,1,0,0,0,0,0,2,0,6,0,4,4,0,1.6,54,18,8,28,5.22222222222222,4,9,2.66666666666667,13,9,4,2,14,16
"253","8955595393",2024-06-20 21:20:00,2024-06-20 21:26:00,19,"Female","Female","White or Causasian","United Kingdom","None",NA,0,1,1,1,1,1,2,2,5,5,1,2,5,4,3,3,4,4,5,2,3,5,5,5,5,2,3,2,1,1,5,1,1,1,1,1,3,2,2,1,1,2,1,3,3,2,2,2,4,1,4,2,2,5,2,1,75,25,20,30,1.55555555555556,1.33333333333333,2.33333333333333,1,12,7,5,16,16,32
"254","4994862504",2024-06-20 21:14:00,2024-06-20 21:20:00,51,"Female","Female","White or Causasian","United Kingdom","Christian","Catholic",10,1,2,1,1,1,4,3,5,5,2,2,3,0,2,4,1,1,3,0,2,2,1,1,2,3,3,2,9,9,9,9,8,3,2,2,2,1,1,1,1,1,1,4,5,4,5,4,5,1,5,4,4,5,5,1.2,49,16,10,23,5.88888888888889,6.66666666666667,8.66666666666667,2.33333333333333,8,4,4,27,24,51
"255","4356193943",2024-06-20 16:27:00,2024-06-20 16:42:00,26,"Male","Male","Black British","United Kingdom","Christian","Catholic",70,3,5,3,5,5,2,3,4,5,1,2,2,0,1,3,0,3,4,2,4,2,5,0,2,5,3,2,2,2,4,1,5,3,2,2,3,1,1,1,3,1,1,3,5,4,1,1,4,0,2,1,2,4,3,4.2,53,17,16,20,2.55555555555556,2,3.33333333333333,2.33333333333333,11,5,6,18,12,30
"256","3247530684",2024-06-20 16:29:00,2024-06-20 16:39:00,18,"Male","Male","Middle Eastern","United Kingdom","None",NA,0,1,2,1,1,1,0,4,5,5,0,3,2,1,1,1,2,5,5,1,3,2,5,5,3,0,4,1,1,1,8,6,7,9,7,4,4,1,1,1,1,2,4,3,4,1,4,2,4,1,3,1,3,5,3,1.2,57,26,13,18,4.88888888888889,1,7,6.66666666666667,14,6,8,18,16,34
"257","9270587537",2024-06-20 16:31:00,2024-06-20 16:36:00,25,"Female","Female","South Asian","United Kingdom","Muslim",NA,100,5,5,5,5,5,3,5,5,5,5,3,1,5,5,5,5,3,2,5,5,2,5,5,3,5,5,2,1,1,1,1,1,1,1,1,5,5,5,5,3,5,5,3,3,0,2,3,1,3,3,1,3,3,1,5,87,31,35,21,1.11111111111111,1.33333333333333,1,1,33,15,18,12,14,26
"258","8089161894",2024-06-20 16:28:00,2024-06-20 16:36:00,32,"Female","Female","White or Causasian","United Kingdom","None",NA,12,1,1,1,1,1,3,1,5,5,0,5,4,0,5,5,4,5,4,0,5,3,5,5,4,0,5,2,2,2,8,5,5,2,2,2,1,1,1,1,1,1,1,1,3,2,3,3,3,3,3,1,0,1,6,1,73,35,10,28,3.33333333333333,2,6,2,7,3,4,15,14,29
"259","7444190306",2024-06-20 16:26:00,2024-06-20 16:35:00,54,"Female","Female","White or Causasian","United Kingdom","Christian","Catholic",5,3,3,2,2,3,1,4,5,3,2,4,3,3,5,5,3,5,3,4,5,3,5,5,3,3,5,1,6,6,7,5,8,2,2,2,3,2,2,2,2,2,2,2,3,3,3,1,3,1,3,2,2,3,3,2.6,79,34,24,21,4.33333333333333,4.33333333333333,6.66666666666667,2,15,7,8,15,14,29
"260","3594129231",2024-06-20 16:25:00,2024-06-20 16:34:00,19,"Female","Female","White or Causasian","United Kingdom","None",NA,5,3,2,1,1,2,0,2,4,4,3,2,3,3,3,4,3,3,2,3,3,3,4,2,2,3,4,2,1,1,8,1,1,1,1,1,3,1,1,1,1,1,1,2,2,2,2,2,4,2,2,1,2,3,4,1.8,60,21,21,18,1.88888888888889,1.33333333333333,3.33333333333333,1,9,5,4,14,14,28
"261","8310333053",2024-06-20 16:28:00,2024-06-20 16:34:00,30,"Female","Female","White or Causasian","United Kingdom","None",NA,7,2,2,1,1,2,1,3,4,4,1,2,2,1,2,2,3,4,3,2,4,4,3,3,3,4,5,2,2,2,7,3,3,5,4,3,4,1,2,3,2,2,3,2,3,4,3,2,4,1,4,3,3,4,4,1.6,60,24,17,19,3.44444444444444,2,4.33333333333333,4,17,7,10,18,19,37
"262","4240472983",2024-06-20 16:28:00,2024-06-20 16:33:00,35,"Male","Male","White or Causasian","United Kingdom","None",NA,11,2,3,1,1,2,1,0,2,2,0,2,2,1,1,4,1,4,3,1,3,2,3,3,1,0,2,2,4,3,8,3,7,2,2,3,4,1,1,1,1,1,1,3,2,2,2,2,3,1,3,4,2,3,3,1.8,38,17,6,15,3.77777777777778,3,6,2.33333333333333,10,6,4,14,16,30
"263","5387337590",2024-06-20 16:26:00,2024-06-20 16:33:00,21,"Female","Female","South Asian","United Kingdom","Muslim",NA,100,4,5,5,5,5,1,5,5,5,5,4,3,5,5,4,5,5,4,2,3,4,5,5,4,5,5,1,1,1,1,1,2,2,1,1,3,1,1,3,3,2,4,4,3,5,2,2,5,2,4,2,4,4,4,4.8,89,32,32,25,1.22222222222222,1,1.33333333333333,1.33333333333333,17,5,12,21,20,41
"264","2341107918",2024-06-20 16:20:00,2024-06-20 16:26:00,38,"Female","Female","White or Causasian","United Kingdom","None",NA,0,2,1,1,1,1,5,4,5,5,2,2,5,3,5,5,1,5,5,5,4,5,5,5,2,5,4,3,5,7,7,8,9,8,2,2,3,1,1,1,1,2,1,0,4,3,1,2,3,1,3,1,2,3,2,1.2,87,30,25,32,5.66666666666667,5,8,4,10,5,5,13,12,25
"265","8529731834",2024-06-20 16:20:00,2024-06-20 16:26:00,33,"Male","Male","White or Causasian","United Kingdom","None",NA,20,2,2,2,1,3,3,3,4,4,1,1,3,3,2,4,1,2,4,3,1,3,4,2,3,2,2,2,2,2,3,2,2,2,2,2,2,2,3,3,2,2,4,2,4,4,2,2,5,4,3,3,4,4,4,2,55,14,17,24,2.11111111111111,2,2.33333333333333,2,18,7,11,19,22,41
"266","8877358991",2024-06-20 16:13:00,2024-06-20 16:26:00,22,"Male","Male","White or Causasian","United Kingdom","Christian","None",50,2,3,2,3,2,2,4,5,5,0,0,4,2,2,4,1,4,5,1,3,4,4,3,5,3,1,2,2,4,7,5,9,4,1,2,3,1,2,2,1,1,2,2,3,4,2,2,4,1,4,3,3,4,3,2.4,62,18,15,29,4,2.66666666666667,7,2.33333333333333,12,6,6,17,18,35
"267","679748748",2024-06-20 16:18:00,2024-06-20 16:23:00,30,"Female","Female","African","United Kingdom","Muslim",NA,100,3,5,3,5,5,5,3,5,5,0,1,5,3,3,5,0,2,5,5,3,4,5,3,4,5,2,2,2,1,5,1,1,3,1,2,2,2,3,3,2,1,3,3,3,4,4,2,5,2,4,2,3,3,3,4.2,73,19,21,33,2,1.66666666666667,2.33333333333333,2,16,7,9,21,17,38
"268","4079301122",2024-06-20 16:18:00,2024-06-20 16:21:00,20,"Male","Male","East Asian","United Kingdom","None",NA,0,1,1,1,1,1,4,4,5,4,1,3,3,0,3,4,2,3,1,0,3,3,4,3,2,5,3,2,2,1,9,6,5,7,1,2,4,3,3,4,3,2,4,5,5,3,2,2,5,1,5,1,5,5,5,1,60,23,16,21,3.88888888888889,1.66666666666667,6.66666666666667,3.33333333333333,23,10,13,22,22,44
"269","8841775492",2024-06-20 16:13:00,2024-06-20 16:18:00,22,"Female","Female","East Asian","United Kingdom","Muslim",NA,100,5,5,5,5,5,5,5,5,5,2,3,5,5,4,5,5,5,5,5,5,3,5,5,5,5,5,2,1,1,1,1,1,1,1,1,2,4,3,3,3,3,3,0,3,0,0,0,3,5,1,0,0,0,1,5,97,32,32,33,1.11111111111111,1.33333333333333,1,1,21,9,12,6,7,13
"270","6068915385",2024-06-21 09:48:00,2024-06-21 09:57:00,20,"Female","Female","Latino or Hispanic","United States","None",NA,4,2,2,1,1,1,3,1,3,5,0,1,0,0,0,5,2,3,3,0,1,0,5,0,5,0,0,3,2,2,6,5,6,1,1,1,5,1,1,1,1,1,5,1,3,5,3,3,3,3,3,3,3,3,3,1.4,37,8,8,21,3,2.33333333333333,5.66666666666667,1,15,7,8,18,18,36
"271","5857428764",2024-06-21 09:47:00,2024-06-21 09:54:00,24,"Female","Female","Mixed","United States","None",NA,0,2,1,1,1,1,3,5,2,5,0,0,0,0,3,5,4,4,3,3,5,4,5,5,4,5,0,2,1,1,9,1,3,2,2,1,5,2,2,3,3,3,3,3,4,6,1,1,6,0,3,0,3,3,6,1.2,65,19,22,24,2.44444444444444,1.33333333333333,4.33333333333333,1.66666666666667,21,9,12,21,15,36
"272","9872355439",2024-06-20 21:24:00,2024-06-21 06:52:00,22,"Female","Female","East Asian","United States","Christian","Baptist",22,3,5,5,1,2,2,3,5,2,1,2,4,3,3,4,4,5,3,2,4,3,5,4,4,2,3,2,1,1,5,2,3,7,1,1,4,1,2,4,2,2,3,1,2,3,2,2,2,1,4,1,4,3,2,3.2,68,26,20,22,2.55555555555556,1.33333333333333,3.33333333333333,3,18,7,11,12,15,27
"273","1823585128",2024-06-20 21:28:00,2024-06-20 22:33:00,18,"Male","Male","White or Causasian","United States","None",NA,0,5,1,1,1,1,2,3,3,3,0,2,0,0,1,4,1,5,4,3,4,4,3,4,4,1,1,1,3,2,6,3,4,7,5,5,4,2,2,2,3,3,2,0,0,0,0,0,0,0,0,0,0,0,0,1.8,52,20,11,21,4,2,4.33333333333333,5.66666666666667,18,8,10,0,0,0
"274","3687392359",2024-06-20 21:25:00,2024-06-20 21:34:00,28,"Female","Female","White or Causasian","United States","Christian","Baptist",55,4,4,2,5,4,0,4,5,1,0,4,2,2,4,5,4,4,5,5,5,4,5,5,4,1,4,2,1,1,2,1,7,2,1,2,3,2,4,1,4,1,1,0,0,3,5,2,2,1,6,5,6,3,1,3.8,73,31,21,21,2.11111111111111,1.33333333333333,3.33333333333333,1.66666666666667,16,9,7,12,22,34
"275","311574414",2024-06-20 21:24:00,2024-06-20 21:32:00,37,"Female","Female","Latino or Hispanic","United States","None",NA,0,2,2,1,1,1,0,1,4,4,0,3,4,0,4,4,1,4,2,0,3,4,5,1,4,0,3,2,4,6,9,7,4,2,2,1,3,1,1,1,1,2,1,2,2,2,1,2,3,3,4,1,1,3,4,1.4,51,22,7,22,4.11111111111111,4,6.66666666666667,1.66666666666667,10,5,5,12,16,28
"276","7211981982",2024-06-20 21:15:00,2024-06-20 21:31:00,54,"Female","Female","White or Causasian","United States","Christian","Catholic",100,5,5,5,5,4,1,1,4,5,0,0,4,4,1,5,5,1,5,3,4,5,5,5,5,5,1,1,4,2,1,1,1,2,2,1,2,2,2,2,1,1,2,5,4,5,4,4,5,2,6,5,4,4,4,4.8,69,16,23,30,1.66666666666667,2.33333333333333,1,1.66666666666667,12,6,6,27,25,52
"277","8065638221",2024-06-20 21:22:00,2024-06-20 21:30:00,38,"Female","Female","Black or African American","United States","None",NA,26,2,3,2,2,2,5,2,5,5,3,4,4,2,4,5,2,3,5,5,3,4,5,5,4,5,5,2,1,2,5,1,6,7,2,7,3,1,1,3,2,2,3,4,4,3,2,2,4,2,3,1,2,3,3,2.2,85,29,24,32,3.66666666666667,1.66666666666667,4,5.33333333333333,15,5,10,19,14,33
"278","49785242",2024-06-20 21:23:00,2024-06-20 21:29:00,21,"Female","Female","White or Causasian","United States","None",NA,15,3,3,1,2,2,0,1,4,3,0,2,2,1,2,4,1,3,5,4,3,4,4,3,3,1,4,2,1,1,3,1,1,4,2,2,4,1,1,1,2,2,1,3,5,3,3,2,3,2,4,1,5,6,1,2.2,54,21,12,21,1.88888888888889,1.33333333333333,1.66666666666667,2.66666666666667,12,6,6,19,19,38
"279","9582473513",2024-06-20 21:22:00,2024-06-20 21:28:00,25,"Female","Female","East Asian","United States","None",NA,45,3,2,4,2,3,2,4,4,5,1,2,2,1,1,4,2,2,1,0,3,3,4,5,3,0,2,1,1,1,9,5,1,2,4,1,3,2,2,1,1,2,4,3,3,4,3,2,2,3,2,2,2,3,5,2.8,51,19,12,20,2.77777777777778,1,5,2.33333333333333,15,7,8,17,17,34
"280","5899080811",2024-06-20 21:21:00,2024-06-20 21:26:00,35,"Female","Female","East Asian","United States","Christian","Lutheran",90,4,5,3,4,5,5,0,5,5,0,0,5,0,0,5,0,5,5,0,1,5,5,5,5,0,5,2,4,5,9,8,9,4,2,1,4,2,2,2,1,1,2,1,4,4,2,1,5,2,5,1,4,5,5,4.2,61,21,5,35,4.88888888888889,3.66666666666667,8.66666666666667,2.33333333333333,14,8,6,17,22,39
"281","4523610013",2024-06-20 16:33:00,2024-06-20 16:42:00,63,"Male","Male","White or Causasian","United States","Christian","Evangelical",80,4,5,5,5,5,5,5,5,5,5,4,4,5,4,5,5,4,4,5,5,4,5,2,4,4,1,2,1,1,1,1,1,1,1,1,4,3,3,3,3,3,3,4,5,5,4,4,5,4,5,4,5,5,5,4.8,90,25,34,31,1.11111111111111,1.33333333333333,1,1,22,10,12,27,28,55
"282","1868318706",2024-06-20 16:30:00,2024-06-20 16:41:00,34,"Female","Female","White or Causasian","United States","Christian","None",50,3,5,1,5,1,1,5,3,5,5,0,3,5,2,4,5,3,4,5,2,5,5,2,4,5,3,1,1,1,5,1,3,2,1,1,3,1,3,1,1,2,3,3,3,3,3,2,4,3,5,2,3,5,4,3,76,15,35,26,1.77777777777778,1,3,1.33333333333333,14,7,7,18,22,40
"283","7977558122",2024-06-20 16:25:00,2024-06-20 16:40:00,40,"Male","Male","White or Causasian","United States","Christian","Evangelical",100,4,5,4,5,5,5,5,5,5,0,5,5,5,5,5,0,5,5,5,5,5,5,5,5,0,0,2,2,2,5,5,1,2,2,3,3,1,1,1,1,1,5,6,6,6,6,6,6,2,6,6,3,6,6,4.6,85,30,20,35,2.66666666666667,2,3.66666666666667,2.33333333333333,13,5,8,36,29,65
"284","92984952",2024-06-20 16:20:00,2024-06-20 16:27:00,30,"Female","Female","Latino or Hispanic","United States","None",NA,0,4,4,1,2,4,2,2,4,2,1,2,2,1,2,2,3,3,3,3,3,3,4,1,2,0,4,4,2,3,5,1,5,1,2,1,4,2,3,2,3,3,3,0,2,2,0,2,2,1,4,0,2,3,2,3,49,19,14,16,2.66666666666667,3,3.66666666666667,1.33333333333333,20,9,11,8,12,20
"285","8671315493",2024-06-20 16:16:00,2024-06-20 16:25:00,24,"Female","Female","Black or African American","United States","Christian","Catholic",70,2,5,3,5,3,0,0,4,2,0,1,0,0,1,0,5,2,0,0,2,0,5,3,0,0,5,2,1,1,9,3,7,2,3,3,4,1,1,1,1,1,3,4,3,3,3,2,3,2,3,2,4,4,3,3.6,30,18,10,2,3.44444444444444,1.33333333333333,6.33333333333333,2.66666666666667,12,6,6,18,18,36
"286","6333708189",2024-06-20 16:18:00,2024-06-20 16:25:00,23,"Male","Male","White or Causasian","United States","None",NA,0,2,1,1,1,1,2,3,4,2,1,2,3,1,1,5,3,4,2,2,4,3,4,5,3,4,3,1,1,1,6,5,5,2,2,4,3,1,1,2,1,2,2,3,4,2,3,4,4,1,3,1,4,3,3,1.2,61,23,18,20,3,1,5.33333333333333,2.66666666666667,12,5,7,20,15,35
"287","8363609815",2024-06-20 21:20:00,2024-06-20 21:35:00,42,"Male","Male","Latino or Hispanic","Venezuela","Christian","Catholic",42,3,4,3,3,2,5,3,4,5,1,1,4,0,2,5,0,4,4,1,2,4,4,3,4,0,1,4,8,6,7,8,7,7,2,5,3,1,1,2,4,1,4,2,3,2,3,3,2,1,1,4,2,2,3,3,57,17,9,31,6,6,7.33333333333333,4.66666666666667,16,5,11,15,13,28
"288","2162846986",2024-06-20 16:20:00,2024-06-20 16:27:00,25,"Male","Male","South East Asian","Vietnam","None",NA,0,2,1,1,1,1,3,3,4,3,2,2,3,2,2,3,2,3,4,2,3,4,3,4,4,2,2,1,1,1,3,3,4,2,2,1,3,2,2,2,2,2,3,3,4,3,3,3,4,1,4,3,3,3,3,1.2,60,20,16,24,2,1,3.33333333333333,1.66666666666667,16,7,9,20,17,37
"289","2126520468",2024-06-20 21:15:00,2024-06-20 21:20:00,29,"Female","Female","African","Zimbabwe","Christian","Catholic",65,3,3,3,5,3,1,1,5,4,0,1,5,0,1,4,2,3,4,0,4,3,4,3,4,0,5,1,2,1,6,2,1,2,2,2,3,2,2,1,1,1,3,4,4,4,2,2,6,2,4,1,3,4,4,3.4,54,22,7,25,2.11111111111111,1.33333333333333,3,2,13,7,6,22,18,40
