ID,start_time,finish_time,age,sex,gender,ethnicity,ethnicity_other,nationality,nationality_other,religious_affiliation,rel_aff_other,ca_catholic,ca_protestant,ca_orthodox,ca_pentecostal,ca_lutheran,ca_methodist,ca_anglican,ca_baptist,ca_presbyterian,ca_other,religious_importance,CRS-1,CRS-2,CRS-3,CRS-4,CRS-5,TDDS-1,TDDS-2,TDDS-3,TDDS-4,TDDS-5,TDDS-6,TDDS-7,TDDS-8,TDDS-9,TDDS-10,TDDS-11,TDDS-12,TDDS-13,TDDS-14,TDDS-15,TDDS-16,TDDS-17,TDDS-18,TDDS-19,TDDS-20,TDDS-21,SOI-1,SOI-2,SOI-3,SOI-4,SOI-5,SOI-6,SOI-7,SOI-8,SOI-9,GENE-1,GENE-2,GENE-3,GENE-4,GENE-5,GENE-6,GENE-7,CONV-1,CONV-2,CONV-3,CONV-4,CONV-5,CONV-6,TRAD-1,TRAD-2,TRAD-3,TRAD-4,TRAD-5,TRAD-6
932996259,6/20/24 16:30,6/21/24 10:55,1,1,Male,11,,7,,6,,,,,,,,,,,,,3,4,7,6,4,,,,,,,,,,,,,,,,,,,,,,,,,,,,,,,,,,,,,,,,,,,,,,,,,
5543677673,6/21/24 10:30,6/21/24 10:35,24,1,Male,9,,7,,6,,,,,,,,,,,,10,5,1,6,6,3,6,4,6,6,6,6,6,6,6,6,4,6,6,6,6,5,6,3,6,6,6,1,1,1,6,1,7,1,1,1,4,1,1,3,4,5,4,4,5,4,3,4,3,3,4,5,4,4,3
9072712365,6/21/24 10:12,6/21/24 10:25,6,2,female,5,,8,,6,,,,,,,,,,,,5,3,2,7,5,4,2,4,5,6,1,2,2,3,4,6,3,5,5,1,6,6,2,5,5,4,5,7,8,8,7,9,2,8,6,6,3,1,1,1,4,4,3,3,3,3,5,6,5,6,6,6,6,6,5
8614764473,6/21/24 10:11,6/21/24 10:14,14,1,Male,10,,1,,6,,,,,,,,,,,,6,4,4,7,7,4,5,3,6,4,1,2,5,2,4,5,2,6,6,2,4,5,4,4,4,1,3,3,3,6,7,6,3,6,6,6,4,2,2,3,4,4,4,5,1,3,4,4,5,6,3,5,1,2,5
6618504023,6/21/24 9:49,6/21/24 10:10,12,2,female,5,,0,Chile,6,,,,,,,,,,,,9,4,3,3,5,3,1,4,6,3,2,5,4,3,4,5,3,6,3,2,6,6,6,6,5,3,4,2,7,3,8,7,4,3,3,1,2,2,3,1,4,3,1,5,2,4,3,4,3,3,2,6,2,2,3
183944172,6/21/24 9:49,6/21/24 10:04,30,1,male,10,,0,Portugal,0,anti-religions,,,,,,,,,,,0,5,5,7,7,5,4,4,6,6,1,3,3,1,5,6,6,2,6,3,6,5,5,1,5,1,4,2,1,1,9,1,1,2,1,2,3,1,1,1,5,5,3,6,3,4,6,6,6,6,6,6,3,2,2
2108726524,6/21/24 9:48,6/21/24 10:03,8,1,Male,1,,0,South Africa,1,,,,,,,,,8,,,98,2,1,3,1,1,6,4,6,4,6,1,1,2,3,4,3,1,3,1,6,1,1,1,2,6,3,3,2,2,5,3,1,4,2,1,4,1,3,1,5,5,4,6,5,5,2,3,4,6,3,2,5,6,6
4184635661,6/21/24 9:58,6/21/24 10:03,6,2,female,10,,0,Poland,6,,,,,,,,,,,,20,4,4,5,7,5,1,4,6,4,1,2,2,1,4,5,4,1,2,1,5,3,6,2,2,1,2,1,1,1,9,2,3,1,2,1,3,2,4,3,2,4,3,2,3,4,4,5,4,5,4,4,3,4,3
9418260919,6/21/24 9:49,6/21/24 10:03,7,2,Female ,1,,0,South African ,1,,,,,,,6,,,,,72,3,5,5,1,1,2,5,6,5,4,6,4,3,5,5,6,3,3,3,4,1,6,5,5,3,6,2,1,2,7,1,6,2,1,1,4,1,3,2,4,4,3,3,4,4,1,4,3,6,4,3,6,5,4
4125727165,6/21/24 9:56,6/21/24 10:03,9,1,Male,10,,0,Greece,1,,,,3,,,,,,,,34,4,2,5,6,4,3,2,5,6,1,4,2,2,4,6,2,5,6,2,3,6,6,6,4,3,2,2,1,3,6,2,2,2,1,3,4,2,3,2,3,3,4,4,3,1,4,5,2,6,4,3,2,4,2
3430862586,6/21/24 9:48,6/21/24 10:02,13,1,Male,5,,8,,6,,,,,,,,,,,,0,3,5,7,7,5,3,5,4,5,2,2,2,2,2,4,2,2,4,2,3,4,5,4,3,2,2,1,1,1,8,7,5,5,1,1,3,1,2,1,3,3,1,6,0,5,6,6,5,6,4,6,0,1,5
4838168923,6/21/24 9:55,6/21/24 10:02,3,2,Female,10,,1,,6,,,,,,,,,,,,28,4,4,7,7,5,3,4,5,5,1,3,4,2,2,4,3,4,3,1,2,4,5,4,4,1,2,6,6,4,8,7,2,3,5,2,3,1,1,2,5,4,4,4,3,3,3,2,3,4,3,4,3,4,3
7639198796,6/21/24 9:48,6/21/24 10:01,6,2,Female,1,,0,South Africa,1,,,,,,5,,,,,,100,1,1,1,1,1,3,4,6,6,6,1,2,6,1,6,2,6,6,4,5,1,6,1,5,6,2,2,2,4,2,1,9,2,1,5,4,1,1,3,4,5,5,5,6,5,0,3,5,6,5,6,5,4,4
3865250199,6/21/24 9:48,6/21/24 10:01,6,2,Non-binary,10,,0,Poland,6,,,,,,,,,,,,50,2,3,6,7,4,1,4,6,6,1,1,1,1,6,6,1,6,1,1,6,1,6,6,6,1,1,2,1,1,6,9,1,7,2,1,5,1,1,1,5,5,5,6,4,1,3,6,1,0,4,6,6,4,0
9694623393,6/21/24 9:48,6/21/24 9:59,7,2,female,10,,0,Czech Republic,6,,,,,,,,,,,,0,4,4,7,7,5,1,2,3,5,1,2,3,1,2,4,2,2,2,2,3,4,6,3,3,2,5,2,8,7,9,8,2,2,1,2,2,1,1,1,5,4,3,4,1,3,4,5,3,6,2,4,0,4,1
3050852769,6/21/24 9:47,6/21/24 9:59,25,1,Male,5,,0,Chile,1,,1,,,,,,,,,,0,5,4,6,7,3,2,1,3,6,1,1,4,1,1,1,1,3,6,1,3,3,3,1,4,1,1,2,1,1,3,1,1,3,2,1,3,1,1,3,4,5,4,4,5,6,1,3,5,6,4,4,3,5,4
7177180525,6/21/24 9:47,6/21/24 9:58,2,1,Male,10,,0,Austria,1,,1,,,,,,,,,,10,4,4,6,7,5,2,5,4,6,4,2,5,4,2,5,4,6,5,5,2,4,5,4,4,4,5,1,1,1,3,2,8,1,1,1,4,2,3,1,5,4,3,3,4,4,1,3,4,5,5,4,3,4,4
7060681099,6/21/24 9:49,6/21/24 9:58,3,1,Male,10,,0,Romania,6,,,,,,,,,,,,0,3,3,6,7,4,3,5,6,6,1,3,2,3,4,6,6,6,6,3,6,6,6,6,5,4,3,2,2,1,3,1,9,1,1,1,3,2,2,1,5,5,3,3,3,2,4,6,3,5,6,6,3,4,2
1797046952,6/21/24 9:47,6/21/24 9:58,6,1,Male,10,,0,Portugal,1,,1,,,,,,,,,,10,5,4,6,7,4,5,2,4,6,2,1,2,3,2,3,1,3,4,3,3,2,3,4,2,3,3,1,4,4,6,7,2,6,3,2,2,2,3,5,3,3,4,2,5,6,1,0,6,1,5,4,5,6,5
7338556383,6/21/24 9:47,6/21/24 9:57,11,2,Woman,10,,7,,6,,,,,,,,,,,,10,2,3,5,5,4,2,3,5,4,1,4,3,2,5,6,3,6,5,1,6,3,4,5,3,2,6,2,9,9,8,6,4,5,5,3,4,2,2,1,5,5,2,4,2,3,5,6,3,6,6,6,0,4,3
6068915385,6/21/24 9:48,6/21/24 9:57,3,2,female,5,,2,,6,,,,,,,,,,,,4,4,4,7,7,5,4,2,4,6,1,2,1,1,1,6,3,4,4,1,2,1,6,1,6,1,1,3,2,2,6,5,4,1,1,1,5,1,1,1,5,5,5,5,3,5,3,3,3,3,3,3,3,3,3
8735478033,6/21/24 9:48,6/21/24 9:56,6,1,Male,5,,8,,0,Agnostic,,,,,,,,,,,5,4,3,7,6,4,3,1,6,3,2,3,1,2,2,5,4,6,4,6,5,5,6,6,3,5,5,2,2,1,5,2,7,2,1,1,2,1,1,1,5,5,3,4,3,3,2,4,2,6,4,6,3,3,4
9552635938,6/21/24 9:47,6/21/24 9:56,11,2,Female,7,,0,Portuguese,1,,1,,,,,,,,,,5,3,4,6,6,4,4,5,4,6,2,3,4,2,3,6,6,4,5,1,3,5,6,4,5,1,3,2,8,6,9,9,7,3,2,2,3,1,1,1,5,5,2,4,3,4,2,3,4,6,4,4,4,4,5
8325154606,6/21/24 9:49,6/21/24 9:56,16,1,Masculine,5,,8,,1,,1,,,,,,,,,,80,3,2,4,1,2,2,6,6,6,1,4,2,1,4,3,2,5,4,2,5,6,3,3,4,1,2,2,3,3,9,7,1,7,2,6,3,2,1,1,2,5,3,5,6,5,0,0,5,6,4,3,5,6,5
1581400075,6/21/24 9:47,6/21/24 9:55,12,2,Female,10,,0,Czechia,6,,,,,,,,,,,,1,3,4,7,7,4,1,4,4,1,2,2,1,2,5,3,5,6,1,1,5,1,3,2,1,2,2,2,9,9,9,9,1,9,8,8,4,3,3,4,4,4,4,6,4,3,4,4,5,6,6,4,4,4,3
8914233880,6/21/24 9:49,6/21/24 9:55,4,1,Male,10,,0,Poland,6,,,,,,,,,,,,10,4,4,6,6,5,4,4,5,5,2,3,1,2,4,5,3,1,4,5,4,5,6,5,3,2,2,1,1,1,3,3,7,6,5,2,3,2,1,2,4,4,3,3,4,3,5,4,4,2,3,5,2,4,4
8260101485,6/21/24 9:49,6/21/24 9:55,5,1,Male,1,,0,Kenya,1,,1,,,,,6,,8,,,70,1,1,5,1,1,5,4,2,2,3,3,5,2,4,3,4,4,4,3,4,5,3,4,4,3,4,1,1,1,1,1,9,4,6,5,4,3,3,1,4,5,5,6,6,6,6,2,4,3,4,5,5,3,4
3031045075,6/21/24 9:47,6/21/24 9:55,5,2,Female ,1,,0,South African,6,,,,,,,,,,,,32,4,3,6,4,2,2,5,6,6,1,2,2,3,5,5,4,6,2,2,3,4,5,4,5,2,5,1,3,1,7,5,9,2,1,3,4,1,1,3,5,4,3,5,6,6,4,6,4,6,5,2,6,4,4
7386348599,6/21/24 9:47,6/21/24 9:55,2,2,Female ,1,,0,South Africa,6,,,,,,,,,,,,100,1,1,1,1,1,6,6,6,6,1,1,6,1,4,6,3,6,6,3,6,4,6,4,4,6,6,2,2,1,4,1,3,2,2,2,3,3,1,1,4,5,3,4,5,4,3,3,5,6,5,3,2,4,1
5857428764,6/21/24 9:47,6/21/24 9:54,7,2,Woman,7,,2,,6,,,,,,,,,,,,0,4,5,7,7,5,4,6,3,6,1,1,1,1,4,6,5,5,4,4,6,5,6,6,5,6,1,2,1,1,9,1,7,2,2,1,5,2,2,3,3,3,3,3,4,6,5,5,6,6,3,6,3,3,6
1693488188,6/21/24 9:49,6/21/24 9:53,7,1,Male,10,,7,,1,,1,,,,,,,,,,31,4,4,4,5,4,3,4,6,5,2,2,3,1,3,4,2,5,4,2,5,4,4,5,5,2,4,2,1,3,7,5,3,7,7,5,2,1,2,1,5,4,1,5,3,3,5,6,2,5,3,5,2,4,3
1835826564,6/21/24 9:47,6/21/24 9:53,13,2,female,10,,9,,1,,1,,,,,,,,,,4,4,5,5,7,5,4,5,4,6,1,5,3,1,3,6,5,4,5,3,5,5,6,6,5,1,5,2,2,2,9,6,4,7,7,5,3,1,1,2,5,5,3,1,3,4,3,2,4,3,5,2,2,4,4
7344126503,6/21/24 9:47,6/21/24 9:52,6,1,Male,5,,0,Chile,6,,,,,,,,,,,,5,4,2,7,7,4,4,4,5,5,2,4,1,2,3,5,3,6,3,2,6,4,3,5,4,4,3,2,1,1,6,5,3,2,2,1,3,1,3,3,2,1,3,4,2,5,4,5,6,5,2,5,0,0,4
7038831354,6/21/24 9:47,6/21/24 9:48,,,,,,,,,,,,,,,,,,,,,,,,,,,,,,,,,,,,,,,,,,,,,,,,,,,,,,,,,,,,,,,,,,,,,,,,,,
9872355439,6/20/24 21:24,6/21/24 6:52,5,2,Female,4,,2,,1,,,,,,,,,8,,,22,3,1,2,7,4,3,4,6,3,2,3,5,4,4,5,5,6,4,3,5,4,6,5,5,3,4,2,1,1,5,2,7,7,1,1,4,1,2,4,4,4,3,5,2,3,4,4,2,5,4,5,4,3,2
6809913473,6/20/24 16:32,6/21/24 6:13,1,2,Female,1,,0,South Africa,1,,1,,,,,6,,,,,81,1,1,2,1,1,6,1,6,6,1,6,3,1,6,6,6,6,5,6,6,6,6,6,6,6,6,2,1,1,9,1,9,2,1,6,4,1,1,5,2,5,5,6,5,2,0,6,2,6,6,6,2,3,3
1823585128,6/20/24 21:28,6/20/24 22:33,1,1,male,10,,2,,6,,,,,,,,,,,,0,1,5,7,7,5,3,4,4,4,1,3,1,1,2,5,2,6,5,4,5,5,4,5,5,2,2,1,3,2,6,3,6,7,5,5,4,2,2,2,3,3,2,6,0,0,6,6,0,6,0,6,0,0,0
4136388067,6/20/24 22:04,6/20/24 22:22,6,2,Female,1,,0,South Africa,1,,,,,,,,,8,,,68,3,1,2,1,1,4,6,4,6,4,1,6,5,4,6,5,6,6,2,3,4,6,4,3,2,4,2,2,1,2,2,5,2,2,2,1,1,1,2,2,5,3,4,4,4,1,3,6,3,5,4,4,6,4
6041284851,6/20/24 22:02,6/20/24 22:08,5,1,Male,10,,7,,1,,,2,,,,,,,,,45,5,1,6,3,2,3,3,6,6,1,6,4,3,5,6,1,6,5,4,6,6,2,6,6,1,5,2,5,5,3,5,4,7,5,6,4,3,4,2,2,4,4,2,5,6,3,3,6,2,4,2,3,5,5
29896033,6/20/24 21:32,6/20/24 21:43,17,1,Male,1,,0,South African ,1,,,,,,,6,,,,,74,2,2,2,1,2,4,2,5,6,3,2,6,6,4,6,3,5,6,5,5,5,5,6,6,6,2,3,4,5,6,7,5,3,4,4,4,1,1,3,4,4,3,3,4,4,1,4,3,4,5,4,4,4,3
3644793143,6/20/24 21:25,6/20/24 21:42,15,2,Female ,1,,0,South Africa ,1,,,,,,,6,,,,,100,3,1,2,1,1,6,6,6,6,3,4,6,1,6,6,6,3,6,5,6,4,6,6,6,6,6,2,2,2,1,1,6,1,1,1,5,1,1,2,5,5,1,4,6,4,2,4,6,6,6,6,5,6,5
4911955469,6/20/24 21:22,6/20/24 21:41,39,2,Female,10,,9,,1,,1,,,,,,,,,,25,4,3,5,7,3,6,2,6,6,1,2,5,1,5,5,5,2,3,5,6,4,5,3,4,6,5,2,2,3,3,5,5,2,2,2,4,2,3,3,2,3,4,2,5,5,3,3,4,4,4,2,4,4,4
9592271352,6/20/24 21:18,6/20/24 21:40,11,1,Male,5,,0,Chile,6,,,,,,,,,,,,8,5,5,7,7,5,4,4,5,4,2,3,3,4,4,5,4,4,4,2,4,3,4,4,4,3,4,4,7,7,9,9,1,2,3,1,3,1,1,3,5,5,2,4,3,3,4,5,2,5,1,1,2,2,2
2178014662,6/20/24 21:19,6/20/24 21:40,17,1,Male ,1,,0,Kenya,1,,,2,,,,,,,,,47,3,3,5,5,3,3,5,6,3,6,4,3,3,5,3,5,4,5,1,6,6,1,1,3,6,6,3,2,4,8,8,1,8,7,5,3,2,2,3,5,5,3,6,4,5,6,5,2,6,2,5,1,3,2
8050047378,6/20/24 21:24,6/20/24 21:37,7,2,Female ,1,,0,South Africa ,1,,,,,,,,,8,,,100,1,1,1,1,1,6,5,1,6,6,3,6,4,6,6,6,4,6,6,5,6,3,5,6,6,6,7,2,2,4,3,9,1,1,1,3,1,1,3,5,5,2,4,6,2,3,4,5,6,3,6,6,4,4
9435101164,6/20/24 21:22,6/20/24 21:37,6,1,Male,5,,8,,6,,,,,,,,,,,,13,2,3,7,7,4,6,2,6,6,2,4,5,2,3,5,2,6,6,1,4,6,4,2,5,1,2,8,7,8,9,9,1,6,7,7,1,1,1,1,5,4,4,6,0,1,3,4,3,5,5,6,1,2,2
5280152365,6/20/24 21:25,6/20/24 21:36,33,1,Male ,10,,0,Australian,6,,,,,,,,,,,,0,4,3,6,6,4,3,1,6,6,1,3,5,3,3,6,3,3,6,1,5,5,1,6,6,1,4,1,1,1,7,3,5,4,4,6,3,2,1,3,4,4,3,5,5,6,1,1,6,3,6,3,5,5,5
3506881696,6/20/24 21:23,6/20/24 21:36,25,2,Female,1,,0,South African ,1,,1,,,,,,,,,,100,2,1,2,1,2,5,5,6,6,5,6,6,4,6,6,4,6,6,4,6,5,6,4,6,5,6,4,3,2,5,5,5,2,2,2,1,1,1,3,5,5,3,5,4,4,3,6,6,6,4,5,4,4,4
8363609815,6/20/24 21:20,6/20/24 21:35,25,1,male,5,,0,venezuelan,1,,1,,,,,,,,,,42,3,2,5,5,4,6,4,5,6,2,2,5,1,3,6,1,5,5,2,3,5,5,4,5,1,2,4,8,6,7,8,3,7,2,5,3,1,1,2,2,5,4,4,3,2,3,3,2,5,1,2,2,2,3
3489945689,6/20/24 21:21,6/20/24 21:35,12,1,Male,1,,0,South Africa,1,,,,,,,,,,,Christian,55,3,3,4,5,3,4,5,4,5,5,4,5,3,3,4,5,4,5,4,4,4,5,3,5,4,4,5,6,6,6,6,7,6,6,3,3,4,3,4,3,3,3,4,3,3,4,4,4,4,4,3,4,4,3
287683464,6/20/24 21:25,6/20/24 21:35,16,1,Male ,16,,4,,1,,,,,,,6,,,,,0,5,5,7,7,5,3,4,4,6,1,1,1,1,2,6,2,3,1,1,2,2,5,4,1,1,2,2,2,1,1,1,7,2,1,1,5,3,1,4,4,5,5,3,3,6,3,2,6,6,6,3,6,6,6
3687392359,6/20/24 21:25,6/20/24 21:34,11,2,Female,10,,2,,1,,,,,,,,,8,,,55,2,2,6,2,2,1,5,6,2,1,5,3,3,5,6,5,5,6,6,6,5,6,6,5,2,5,2,1,1,2,1,3,2,1,2,3,2,4,1,2,5,1,6,0,3,1,4,2,5,6,1,6,3,1
4457233613,6/20/24 21:23,6/20/24 21:34,26,2,Female,11,,0,Israel,6,,,,,,,,,,,,9,2,5,7,7,5,6,5,5,6,2,2,5,3,2,5,3,5,5,3,4,5,6,5,5,6,3,2,1,2,3,2,7,1,1,1,3,2,2,2,1,4,3,3,1,4,5,5,5,5,4,5,4,3,5
1458721491,6/20/24 21:26,6/20/24 21:34,25,1,Male,10,,7,,6,,,,,,,,,,,,14,4,4,6,7,5,5,3,4,5,1,3,3,3,3,3,3,2,5,2,3,5,3,3,3,2,3,2,6,8,7,6,2,1,1,2,3,2,2,3,4,4,2,2,4,4,3,4,4,4,5,4,2,4,3
4199053796,6/20/24 21:25,6/20/24 21:33,22,1,male,10,,7,,6,,,,,,,,,,,,0,5,5,7,7,5,6,4,6,6,2,5,6,4,5,6,4,5,6,5,4,6,4,5,6,6,4,1,1,1,4,3,5,1,1,1,2,3,2,2,2,3,3,2,4,2,1,2,3,2,4,1,3,4,3
6649856022,6/20/24 21:20,6/20/24 21:33,20,1,Male,10,,4,,6,,,,,,,,,,,,0,4,3,7,7,5,4,1,4,6,1,2,5,1,2,6,1,3,6,1,2,5,1,2,6,4,3,1,1,1,9,6,5,9,7,4,3,1,1,1,5,4,1,6,1,4,6,6,4,6,1,6,0,0,4
1793792714,6/20/24 21:26,6/20/24 21:33,14,1,Male,5,,6,,6,,,,,,,,,,,,11,3,3,7,7,4,3,2,3,5,6,3,3,3,4,5,4,4,3,4,5,4,6,6,4,4,3,1,1,1,4,2,9,2,8,2,3,3,3,3,3,4,3,4,1,2,5,5,2,4,1,5,1,0,1
311574414,6/20/24 21:24,6/20/24 21:32,20,2,Female,5,,2,,6,,,,,,,,,,,,0,4,4,7,7,5,1,2,5,5,1,4,5,1,5,5,2,5,3,1,4,5,6,2,5,1,4,2,4,6,9,7,6,2,2,1,3,1,1,1,5,4,1,4,2,2,5,4,3,3,4,5,1,3,4
1971185324,6/20/24 21:18,6/20/24 21:32,9,1,Male,4,,0,Australia,6,,,,,,,,,,,,0,5,4,7,7,4,1,1,5,1,4,4,1,1,5,4,3,4,1,1,5,5,6,4,1,6,4,2,1,1,1,1,9,2,2,1,3,1,1,3,5,5,3,3,3,4,5,5,4,5,4,2,0,3,3
5563701213,6/20/24 21:16,6/20/24 21:31,13,2,woman,0,Asian-Mexican,8,,0,Catholic,,,,,,,,,,,10,5,2,7,7,5,4,6,5,5,5,3,3,3,3,4,4,4,4,5,4,5,6,5,4,5,5,1,1,1,5,2,5,1,1,1,3,1,2,1,3,3,2,4,2,3,3,4,4,4,4,4,2,3,3
457232999,6/20/24 21:23,6/20/24 21:31,11,2,Female,5,,0,Chile,6,,,,,,,,,,,,17,4,3,6,4,4,3,5,4,6,2,1,2,4,2,6,5,6,3,2,4,5,6,6,3,4,1,1,1,1,9,1,8,2,1,1,3,2,1,1,5,5,1,3,4,2,1,3,2,4,5,4,0,6,4
7211981982,6/20/24 21:15,6/20/24 21:31,37,2,female,10,,2,,1,,1,,,,,,,,,,100,1,1,2,1,2,2,2,5,6,1,1,5,5,2,6,6,2,6,4,5,6,6,6,6,6,2,1,4,2,1,1,9,2,2,1,2,2,2,2,5,5,2,1,4,5,2,2,5,4,6,1,4,4,4
6925650182,6/20/24 21:23,6/20/24 21:31,23,1,Male,10,,0,Czech,1,,1,,,,,,,,,,70,2,1,2,1,1,5,4,5,6,3,5,3,2,4,5,2,5,6,4,5,6,5,5,6,3,6,1,1,1,3,2,3,3,3,4,4,2,3,3,3,4,4,3,3,3,2,4,3,4,4,3,3,4,4
3534960282,6/20/24 21:26,6/20/24 21:31,10,1,male,10,,1,,6,,,,,,,,,,,,0,4,5,7,7,5,2,2,5,5,1,1,4,2,2,5,2,6,6,2,4,4,6,6,6,4,4,2,1,1,7,1,9,2,2,2,3,1,1,3,4,4,3,6,2,2,4,6,3,6,3,5,2,4,2
6813872967,6/20/24 21:21,6/20/24 21:30,35,1,Male,10,,0,NZ European,1,,,,,,,,,,,New Creation Church Christian ! ,70,3,2,2,1,3,4,3,5,5,1,1,5,1,1,5,1,6,5,3,6,5,2,5,5,1,4,4,4,3,8,8,2,7,6,6,1,1,1,1,5,5,2,3,3,3,3,3,3,6,3,5,1,3,3
1823989294,6/20/24 21:22,6/20/24 21:30,11,2,Female,1,,0,South African ,1,,,,,,5,,,,,,60,3,1,6,2,4,1,5,6,6,1,1,6,3,3,6,6,3,6,4,1,1,6,3,6,3,4,2,4,4,5,9,1,4,2,2,5,3,1,1,1,5,3,6,5,5,2,2,5,5,6,3,4,6,5
8065638221,6/20/24 21:22,6/20/24 21:30,21,2,Female ,2,,2,,6,,,,,,,,,,,,26,4,3,6,6,4,6,3,6,6,4,5,5,3,5,6,3,4,6,6,4,5,6,6,5,6,6,2,1,2,5,1,4,7,2,7,3,1,1,3,4,4,3,2,4,3,4,4,4,4,3,5,2,3,3
5094430055,6/20/24 21:23,6/20/24 21:30,12,2,queer,10,,1,,6,,,,,,,,,,,,26,2,5,7,7,5,4,1,5,6,1,1,1,1,1,6,4,6,6,1,4,6,6,6,6,1,2,2,5,5,9,9,1,4,2,2,3,4,2,1,5,5,1,6,0,0,6,6,2,6,6,6,4,4,0
8145486533,6/20/24 21:24,6/20/24 21:29,17,1,MALE,5,,8,,1,,,2,,,,,,,,,95,2,1,2,1,2,4,5,6,6,2,3,4,3,5,6,5,6,6,5,6,6,6,6,5,3,4,2,1,1,6,2,7,6,5,3,3,2,2,1,5,5,5,6,2,3,4,5,4,6,4,5,3,4,5
1858692218,6/20/24 21:21,6/20/24 21:29,13,2,female,5,,0,chile,6,,,,,,,,,,,,0,3,5,7,7,5,2,4,6,6,2,4,3,2,6,6,5,6,5,1,6,6,6,6,6,6,6,2,3,4,9,9,2,2,2,2,1,1,1,1,3,3,1,3,2,6,3,3,6,6,3,5,1,2,5
1925540093,6/20/24 21:20,6/20/24 21:29,44,1,male,10,,0,Belgium,6,,,,,,,,,,,,3,3,4,7,6,4,6,1,4,6,1,1,6,1,2,6,3,5,6,6,3,6,6,5,6,1,3,2,9,7,9,9,1,5,2,2,3,1,1,1,5,5,1,5,5,5,4,3,6,6,5,6,5,5,6
49785242,6/20/24 21:23,6/20/24 21:29,4,2,female,10,,2,,6,,,,,,,,,,,,15,3,3,7,6,4,1,2,5,4,1,3,3,2,3,5,2,4,6,5,4,5,5,4,4,2,5,2,1,1,3,1,9,4,2,2,4,1,1,1,4,4,1,3,5,3,3,4,3,4,4,5,5,6,1
5243809896,6/20/24 21:22,6/20/24 21:28,12,1,male,5,,8,,6,,,,,,,,,,,,1,4,4,6,7,5,4,3,5,4,3,6,2,2,4,6,5,5,3,3,4,2,6,2,2,4,6,1,1,1,9,1,5,2,2,1,4,2,2,1,3,3,2,4,2,3,5,5,4,6,2,5,1,2,3
2897612787,6/20/24 21:19,6/20/24 21:28,7,2,she/her,5,,8,,6,,,,,,,,,,,,13,4,4,7,5,5,2,4,3,6,1,2,1,1,2,6,4,3,5,1,2,3,6,2,4,1,3,2,2,2,9,3,8,1,1,1,1,1,1,2,5,5,1,5,1,0,5,6,1,5,2,6,1,1,1
9582473513,6/20/24 21:22,6/20/24 21:28,8,2,Female,4,,2,,6,,,,,,,,,,,,45,3,4,4,6,3,3,5,5,6,2,3,3,2,2,5,3,3,2,1,4,4,5,6,4,1,3,1,1,1,9,5,9,2,4,1,3,2,2,1,5,4,4,3,3,4,3,4,2,3,2,4,2,3,5
4805223559,6/20/24 21:18,6/20/24 21:28,12,1,Male,1,,0,South African ,6,,,,,,,,,,,,20,3,1,6,6,2,6,2,6,6,1,3,5,2,4,6,1,3,6,4,4,5,3,5,6,3,6,2,2,3,4,3,5,7,4,5,3,3,3,2,4,4,2,2,4,2,3,3,3,5,5,3,4,4,3
5865794319,6/20/24 21:21,6/20/24 21:27,12,2,Female,4,,7,,6,,,,,,,,,,,,5,3,4,7,7,5,3,4,6,6,4,4,4,4,4,4,4,5,4,3,4,3,5,4,3,3,4,2,1,1,9,5,8,2,2,1,4,1,1,1,4,4,4,0,4,3,2,3,3,5,5,4,4,4,5
9184536,6/20/24 21:20,6/20/24 21:27,8,1,Male,2,,0,South Africa,2,,,,,,,,,,,,70,3,2,4,2,2,4,5,6,5,3,4,4,4,4,6,6,6,6,6,6,6,6,6,5,5,5,2,1,1,1,1,8,2,2,2,4,3,3,3,3,5,3,4,4,3,3,4,5,4,4,4,3,4,4
8955595393,6/20/24 21:20,6/20/24 21:26,2,2,Female ,10,,1,,6,,,,,,,,,,,,0,5,5,7,7,5,3,3,6,6,2,3,6,5,4,4,5,5,6,3,4,6,6,6,6,3,4,2,1,1,5,1,9,1,1,1,3,2,2,1,5,4,1,3,3,2,4,4,4,5,4,4,2,5,2
8506770489,6/20/24 21:15,6/20/24 21:26,22,1,Male ,1,,0,Kenya,1,,1,,,,,,,,,,63,1,1,5,1,2,6,4,6,6,1,4,6,1,6,6,1,4,4,1,6,4,1,3,6,6,6,2,5,6,9,9,1,8,8,8,4,2,1,5,5,5,2,0,6,6,0,1,6,4,0,0,5,6,6
5899080811,6/20/24 21:21,6/20/24 21:26,18,2,female,4,,2,,1,,,,,,5,,,,,,90,2,1,5,4,1,6,1,6,6,1,1,6,1,1,6,1,6,6,1,2,6,6,6,6,1,6,2,4,5,9,8,1,4,2,1,4,2,2,2,5,5,2,5,4,4,4,5,5,4,5,5,4,5,5
9699852356,6/20/24 21:19,6/20/24 21:25,12,2,Female ,1,,0,South African ,1,,,,,,,,,,9,,89,3,1,1,1,2,6,4,6,5,4,2,5,5,6,6,6,6,6,6,5,6,6,3,6,4,4,2,2,1,3,1,8,2,2,1,5,1,1,1,5,5,5,5,6,3,2,3,4,5,6,3,6,6,5
8716862639,6/20/24 21:19,6/20/24 21:24,14,1,Male,1,,0,south african,6,,,,,,,,,,,,9,4,1,7,6,2,4,2,6,6,1,6,4,1,3,5,4,5,4,1,6,5,4,3,4,4,6,2,1,2,9,4,1,7,7,5,3,2,1,4,3,5,3,1,6,4,0,3,5,4,4,3,4,3,4
9992988673,6/20/24 21:17,6/20/24 21:24,6,1,Male,5,,0,Colombian,6,,,,,,,,,,,,0,5,4,7,7,5,1,3,6,6,1,4,2,1,2,4,2,6,3,5,6,6,4,4,1,1,6,2,1,1,1,1,4,2,1,1,3,3,5,1,5,5,5,6,3,3,5,5,3,3,2,6,3,3,4
598101785,6/20/24 21:14,6/20/24 21:24,5,2,Non-binary,10,,0,Portugal,6,,,,,,,,,,,,11,4,5,6,7,3,3,2,5,5,1,4,3,1,3,5,1,3,4,1,3,5,4,4,2,1,1,1,2,2,9,9,1,9,9,9,4,2,2,2,3,3,3,4,3,3,4,3,3,4,3,4,2,2,3
7113875991,6/20/24 21:13,6/20/24 21:23,12,2,Female ,1,,0,South African ,1,,,,,,,,,,,Apostolic ,100,1,1,1,1,2,6,3,6,6,1,4,5,3,3,5,1,5,6,4,5,2,6,3,5,5,6,2,2,2,5,5,4,6,6,7,3,2,2,3,4,4,3,6,6,3,1,1,3,6,5,3,4,6,4
7117968104,6/20/24 21:16,6/20/24 21:23,8,1,Male,5,,0,Chile,1,,1,,,,,,,,,,10,5,3,7,7,4,5,5,4,6,1,3,1,1,3,6,3,3,5,3,5,2,3,6,6,1,4,7,5,4,3,7,7,6,5,2,5,2,4,2,4,2,4,6,1,4,3,5,5,5,5,6,2,1,6
6087507655,6/20/24 21:14,6/20/24 21:21,6,2,female,5,,8,,0,agnostic,,,,,,,,,,,10,4,4,7,6,4,2,5,6,5,1,1,4,3,2,5,4,4,3,1,2,4,6,5,3,1,2,3,6,6,9,9,2,5,3,3,3,1,1,1,5,5,3,5,4,4,1,3,2,5,4,6,0,1,1
2126520468,6/20/24 21:15,6/20/24 21:20,12,2,Female,1,,0,Zimbabwe ,1,,1,,,,,,,,,,65,3,3,5,2,3,2,2,6,5,1,2,6,1,2,5,3,4,5,1,5,4,5,4,5,1,6,1,2,1,6,2,9,2,2,2,3,2,2,1,5,5,3,2,4,4,4,4,6,4,4,5,3,4,4
4994862504,6/20/24 21:14,6/20/24 21:20,34,2,Female,10,,1,,1,,1,,,,,,,,,,10,5,4,7,7,5,5,4,6,6,3,3,4,1,3,5,2,2,4,1,3,3,2,2,3,4,4,2,9,9,9,9,2,3,2,2,2,1,1,1,5,5,1,2,5,4,1,2,5,5,5,2,4,5,5
3858092272,6/20/24 21:12,6/20/24 21:18,29,1,Male,4,,7,,6,,,,,,,,,,,,10,4,4,7,7,5,4,2,5,6,2,3,4,3,3,5,1,2,6,3,4,5,6,5,6,2,3,2,2,1,7,3,5,2,2,2,2,2,2,2,4,4,3,3,4,5,3,3,5,6,5,3,4,4,5
3655647042,6/20/24 18:00,6/20/24 18:13,25,2,Female,11,,5,,6,,,,,,,,,,,,0,5,4,6,7,5,4,5,6,6,6,4,4,2,4,5,3,5,6,2,5,6,6,5,6,1,4,2,1,1,2,1,7,2,2,2,4,2,4,1,5,5,1,3,2,2,3,2,4,4,4,2,2,4,5
6101310894,6/20/24 18:00,6/20/24 18:11,5,1,Male,10,,0,Poland,1,,1,,,,,,,,,,30,4,4,5,6,4,6,1,6,6,1,1,3,1,6,6,6,6,5,6,6,6,6,6,4,1,6,2,1,1,2,1,9,1,1,1,5,1,1,4,4,5,4,0,4,4,2,1,4,3,4,1,2,4,4
1275098649,6/20/24 17:35,6/20/24 17:52,23,1,Male,10,,0,Czech,6,,,,,,,,,,,,5,4,4,6,7,4,3,2,4,5,3,2,5,1,2,5,2,3,5,1,4,4,2,3,5,3,3,3,1,1,9,9,2,9,4,9,3,3,3,1,4,4,3,5,1,3,6,6,2,6,1,6,1,1,1
8592291237,6/20/24 17:16,6/20/24 17:32,15,2,female,5,,8,,1,,,,,,,,,,,,,,,,,,,,,,,,,,,,,,,,,,,,,,,,,,,,,,,,,,,,,,,,,,,,,,,,,,
982358902,6/20/24 16:58,6/20/24 17:10,13,1,Male,5,,8,,1,,1,,,,,,,,,,70,2,1,2,1,2,3,1,4,5,1,1,1,1,1,2,1,4,5,1,1,2,1,2,2,1,2,8,9,9,5,3,7,2,2,1,4,2,1,2,5,4,3,3,4,2,3,5,4,3,4,1,3,5,5
1724163497,6/20/24 16:32,6/20/24 17:04,12,1,male,1,,0,Kenyan,1,,1,,,,,,,,,,18,4,2,6,6,4,2,1,6,3,1,6,2,1,5,3,6,6,1,1,5,1,5,6,2,5,6,5,2,5,8,9,1,8,7,8,5,1,1,1,5,5,3,6,1,6,2,4,4,6,1,1,0,5,5
234774472,6/20/24 16:33,6/20/24 16:58,15,2,Female,5,,8,,6,,,,,,,,,,,,1,4,3,7,5,3,2,5,6,6,2,4,3,2,5,6,4,6,6,5,4,6,6,6,4,6,2,2,1,1,6,2,8,6,4,4,1,1,1,1,4,4,2,4,4,5,4,4,5,6,4,4,2,3,2
5513636509,6/20/24 16:34,6/20/24 16:54,12,2,Female,5,,8,,6,,,,,,,,,,,,1,4,2,7,6,3,5,5,5,5,1,2,3,6,3,6,6,5,6,6,6,5,6,5,6,6,6,2,1,2,3,1,9,2,1,1,3,1,2,3,5,5,3,3,6,6,0,1,6,3,6,3,3,5,6
6834633873,6/20/24 16:34,6/20/24 16:53,51,2,female,10,,7,,1,,,2,,,,,,,,,6,3,3,7,6,4,5,1,6,6,1,4,5,1,5,6,1,5,6,1,5,6,6,6,6,1,2,2,4,5,8,5,2,3,2,3,5,1,2,3,5,5,4,0,6,2,0,1,6,5,6,1,5,6,5
8923390075,6/20/24 16:30,6/20/24 16:52,32,1,male,10,,7,,6,,,,,,,,,,,,0,5,5,7,7,5,2,3,4,1,2,2,1,2,3,1,3,4,1,1,5,1,2,3,1,2,4,2,2,1,9,8,2,4,2,2,3,4,4,2,3,4,2,4,3,3,4,3,4,5,3,2,3,3,4
5432066287,6/20/24 16:32,6/20/24 16:52,15,2,Female,5,,8,,0,Catholic,,,,,,,,,,,14,3,3,6,5,5,2,3,5,6,1,4,3,4,3,6,4,4,4,2,5,6,6,3,5,2,4,4,8,9,9,9,1,8,6,7,4,1,1,2,5,5,2,5,3,2,4,6,4,6,4,6,2,4,4
1048783669,6/20/24 16:28,6/20/24 16:50,26,1,Masculine,5,,0,Chilean,6,,,,,,,,,,,,0,3,4,7,7,5,5,2,5,6,2,3,5,1,2,5,1,4,6,1,3,5,3,2,4,1,3,3,1,7,9,8,1,7,5,3,3,2,2,1,5,4,2,5,2,4,4,5,2,5,1,4,3,2,3
8483382529,6/20/24 16:41,6/20/24 16:49,11,1,Male,1,,0,Kenya,2,,,,,,,,,,,,100,3,1,1,1,3,4,5,6,6,4,4,4,4,3,5,4,4,5,4,5,5,4,3,6,6,4,1,3,3,5,5,5,6,2,2,3,3,3,3,5,5,4,4,4,4,4,5,5,6,6,4,4,6,5
9761416399,6/20/24 16:33,6/20/24 16:48,28,2,Female,1,,0,South African,1,,,,,,,,7,,,,81,3,2,5,1,2,6,3,6,6,1,4,6,2,5,6,5,5,6,6,4,6,6,5,5,6,5,2,2,1,1,1,9,2,2,2,4,2,2,3,4,4,4,4,4,4,5,5,5,5,4,4,4,4,4
7213068059,6/20/24 16:25,6/20/24 16:48,31,1,Male,6,,0,Poland,1,,1,,,,,,,,,,55,3,2,6,1,2,3,2,6,6,2,2,3,2,4,6,1,5,4,2,3,2,3,3,5,3,4,2,4,4,5,5,5,8,8,8,2,1,1,2,5,5,3,3,3,6,2,2,6,4,4,4,4,4,6
1940120565,6/20/24 16:28,6/20/24 16:48,17,2,female,10,,0,turkey,6,,,,,,,,,,,,0,5,4,7,6,4,1,1,2,6,3,4,6,1,6,5,6,3,4,4,6,6,6,2,4,1,5,2,3,4,6,7,1,3,2,2,5,1,2,1,1,5,2,5,3,3,3,2,4,1,3,5,1,1,2
8330083497,6/20/24 16:28,6/20/24 16:47,13,2,female,1,,0,south africa,1,,,,,,5,,,,,,50,4,2,6,5,3,5,1,5,4,1,3,3,1,4,3,5,4,6,2,6,2,6,2,3,2,6,2,1,1,7,1,5,2,2,3,3,2,3,3,4,4,3,3,4,4,3,3,3,3,3,3,4,5,3
122842776,6/20/24 16:34,6/20/24 16:47,8,2,female,5,,8,,1,,1,,,,,,,,,,70,4,2,5,3,2,4,5,6,5,2,3,3,5,6,6,5,6,5,5,6,6,5,5,6,6,6,2,3,4,4,6,3,4,3,1,3,1,2,2,4,4,2,5,5,5,3,3,5,5,3,4,1,3,4
5944270378,6/20/24 16:33,6/20/24 16:47,7,1,Male,1,,0,South African,1,,,2,,,,,,,,,85,3,1,2,1,1,6,6,6,6,6,6,6,6,6,6,6,6,6,6,6,6,4,4,6,5,6,5,3,3,3,6,4,3,1,2,3,3,3,3,4,5,1,3,6,5,3,4,6,6,6,5,6,6,6
5069253058,6/20/24 16:22,6/20/24 16:47,11,1,Male,10,,0,Portugal,6,,,,,,,,,,,,0,4,4,7,7,5,3,3,3,3,3,3,3,3,3,3,3,3,2,2,2,2,2,2,2,3,3,6,8,6,5,5,5,5,5,5,3,3,3,3,3,3,3,5,4,5,5,3,3,3,3,3,3,3,3
3059102561,6/20/24 16:32,6/20/24 16:46,23,1,Male,10,,0,Portugal,1,,1,,,,,,,,,,10,4,4,6,5,4,2,4,5,4,1,1,4,1,4,5,4,4,5,3,4,4,4,5,3,3,4,2,1,1,8,7,6,6,6,6,4,2,3,3,4,4,3,2,5,5,2,4,4,4,5,1,5,5,4
1764813836,6/20/24 16:34,6/20/24 16:45,10,2,Female ,1,,0,South Africa,1,,,,,,,,,8,,,100,1,1,2,1,1,4,4,6,6,6,6,4,6,1,6,1,6,6,6,6,3,6,6,6,6,6,1,3,1,1,1,9,3,2,7,5,1,1,5,5,5,5,6,6,6,0,6,6,6,6,0,6,6,6
1778784368,6/20/24 16:33,6/20/24 16:45,15,1,Male,5,,0,Brazil,6,,,,,,,,,,,,0,5,4,7,7,5,6,3,6,6,1,3,1,1,5,5,3,4,6,1,5,5,2,6,5,3,6,2,9,9,9,9,1,6,2,2,4,1,2,2,5,5,5,3,3,5,3,5,6,6,5,5,3,6,6
6164816520,6/20/24 16:33,6/20/24 16:45,8,2,Female,10,,0,Portugal ,1,,1,,,,,,,,,,41,2,3,6,6,3,1,6,2,5,1,4,1,5,4,6,6,5,6,6,4,6,6,6,5,4,5,2,1,1,5,1,9,1,1,1,2,1,1,1,5,5,5,3,4,3,3,4,3,4,5,4,4,3,3
8571776574,6/20/24 16:30,6/20/24 16:44,7,1,Male,5,,8,,1,,1,,,,,,,,,,77,4,1,4,3,3,1,6,6,6,1,2,3,3,3,3,3,3,3,3,3,3,3,3,3,6,6,3,2,2,9,5,1,4,3,3,4,3,2,2,5,5,5,3,3,4,3,3,4,4,4,2,3,5,4
7213021799,6/20/24 16:30,6/20/24 16:44,8,1,Male,1,,0,Eritrea,1,,,,3,,,,,,,,100,2,1,2,1,1,5,4,6,6,3,1,3,5,1,3,5,5,5,4,3,4,6,2,5,6,3,1,1,1,4,1,9,1,1,1,3,2,3,2,4,4,3,3,4,3,3,3,4,3,5,3,4,6,3
7730275301,6/20/24 16:31,6/20/24 16:44,5,2,Female,5,,0,Colombia,0,Agnostic ,,,,,,,,,,,5,3,4,7,7,4,3,5,6,6,3,2,4,3,4,6,5,5,5,3,5,5,6,6,4,2,6,2,4,4,9,5,5,2,2,1,3,2,1,3,5,4,4,4,3,4,4,4,3,5,4,5,1,3,3
89452431,6/20/24 16:32,6/20/24 16:44,13,2,Female,5,,8,,0,Catholic,,,,,,,,,,,5,5,3,6,6,3,1,3,3,5,1,3,1,1,3,5,2,3,5,2,3,4,6,3,3,2,3,1,6,6,9,9,1,5,5,7,3,1,1,2,5,5,4,4,3,1,2,1,2,4,3,4,1,3,3
8742254006,6/20/24 16:32,6/20/24 16:44,3,2,female,10,,0,Portuguese,1,,1,,,,,,,,,,60,2,2,3,2,3,5,4,4,6,2,2,4,3,1,5,2,1,3,5,3,3,6,2,3,2,3,2,2,1,4,2,5,5,4,2,4,3,2,1,4,4,2,3,2,4,4,2,5,3,6,4,5,6,5
1586483668,6/20/24 16:38,6/20/24 16:43,12,1,masculine,5,,8,,0,Atheist,,,,,,,,,,,0,5,5,7,7,5,6,1,6,6,1,3,4,1,3,6,3,5,6,1,4,6,3,5,6,2,4,2,8,8,9,9,1,6,6,6,5,1,1,1,5,5,2,3,3,5,6,6,5,6,4,6,4,5,5
385494730,6/20/24 16:28,6/20/24 16:43,44,2,Female,10,,7,,1,,1,,,,,,,,,,68,4,1,6,1,1,1,1,5,4,1,4,3,2,3,4,3,4,2,3,4,4,5,2,4,2,2,2,2,3,9,8,2,1,2,2,2,1,1,1,5,5,1,2,2,2,1,1,2,4,5,1,1,1,4
1740339961,6/20/24 16:29,6/20/24 16:42,23,2,Woman,0,Indian,0,South Africa,1,,,,,,,,,,,Full Gospel,100,2,1,2,1,1,6,6,6,6,4,6,6,4,4,6,4,6,6,4,6,6,6,6,6,6,4,2,2,1,1,1,9,1,1,1,4,1,1,3,3,3,3,3,3,1,3,3,1,2,3,3,4,4,3
1482426098,6/20/24 16:21,6/20/24 16:42,55,2,heterosexual,10,,0,Portugal,0,Pagan,,,,,,,,,,,50,3,3,5,5,3,5,4,3,5,3,3,5,3,4,5,3,4,3,5,4,5,5,3,5,6,3,1,2,1,6,2,7,2,2,2,2,1,1,2,5,4,3,4,3,4,4,5,5,5,2,3,2,3,5
5385736068,6/20/24 16:33,6/20/24 16:42,4,2,female,10,,0,Portugal,6,,,,,,,,,,,,15,3,4,7,7,4,1,2,3,4,3,2,2,1,1,2,3,4,5,1,2,3,5,3,3,2,3,1,1,1,7,3,6,2,1,2,3,1,1,1,5,5,2,3,3,0,2,4,3,3,4,4,3,4,3
4356193943,6/20/24 16:27,6/20/24 16:42,9,1,Male,12,,1,,1,,1,,,,,,,,,,70,3,1,5,1,1,3,4,5,6,2,3,3,1,2,4,1,4,5,3,5,3,6,1,3,6,4,2,2,2,4,1,5,3,2,2,3,1,1,1,3,5,1,3,5,4,5,5,4,6,2,5,2,4,3
4523610013,6/20/24 16:33,6/20/24 16:42,46,1,XY-MALE,10,,2,,1,,,2,,,,,,,,Evangelical,80,2,1,2,1,1,6,6,6,6,6,5,5,6,5,6,6,5,5,6,6,5,6,3,5,5,2,2,1,1,1,1,9,1,1,1,4,3,3,3,3,3,3,2,5,5,2,2,5,2,5,2,5,5,5
9213584760,6/20/24 16:33,6/20/24 16:42,2,2,Female,16,,0,Slovakia ,6,,,,,,,,,,,,0,5,5,7,7,5,5,3,6,6,1,3,3,3,3,3,5,5,5,3,5,4,6,6,5,5,6,1,1,1,9,8,1,4,5,3,3,1,1,1,5,4,1,6,0,3,5,5,3,4,3,5,2,2,3
4073829183,6/20/24 16:31,6/20/24 16:42,69,1,male,10,,0,australia,1,,1,,,,,,,,,,1,4,4,6,7,4,1,2,3,3,4,2,3,4,1,5,1,2,3,1,3,3,4,1,5,5,1,1,5,7,9,7,1,3,2,1,2,2,3,2,5,4,2,2,5,5,1,3,4,6,4,3,3,4,4
6952420662,6/20/24 16:38,6/20/24 16:42,14,1,Male ,10,,7,,1,,,2,,,,,,,,,71,3,2,2,2,3,5,4,4,6,3,4,6,3,2,4,3,5,6,6,4,4,5,4,5,6,6,3,2,2,7,7,4,5,5,5,3,3,2,2,3,3,2,3,3,4,3,3,4,4,2,2,3,3,3
2660214372,6/20/24 16:30,6/20/24 16:41,11,2,Female,7,,0,South African,1,,,,,,,,,,,Congregationalist,63,3,1,3,2,1,5,5,4,5,4,5,4,3,3,4,2,3,3,4,3,2,5,6,4,1,6,2,4,3,1,1,9,2,1,1,3,1,1,2,5,5,3,2,4,1,0,6,1,6,2,5,4,4,5
4749993679,6/20/24 16:31,6/20/24 16:41,9,2,Female,10,,0,Portugal,6,,,,,,,,,,,,0,4,4,7,6,4,2,6,6,6,1,3,3,2,3,5,3,6,6,2,5,5,6,4,5,2,4,2,5,1,8,2,7,1,1,1,3,1,1,1,5,5,2,4,2,4,3,5,5,5,3,5,3,3,5
6104598106,6/20/24 16:31,6/20/24 16:41,21,2,woman,5,,8,,6,,,,,,,,,,,,1,5,4,7,7,5,5,6,6,6,1,5,4,2,5,6,6,5,6,4,6,6,6,5,6,4,6,2,2,2,9,1,3,1,1,1,4,4,2,2,5,4,3,4,2,4,5,6,3,6,4,6,2,3,4
4490720323,6/20/24 16:32,6/20/24 16:41,4,2,female,1,,0,South Africa,1,,,,,,,6,,,,,100,4,1,4,1,1,3,2,5,5,1,2,3,4,3,4,2,5,5,3,3,4,6,3,4,6,4,2,2,1,3,1,1,2,1,1,4,1,2,3,5,5,4,1,6,1,1,1,3,4,5,2,5,5,3
1868318706,6/20/24 16:30,6/20/24 16:41,17,2,Female,10,,2,,1,,,,,,,,,,,Nondenominational,50,3,1,7,1,5,2,6,4,6,6,1,4,6,3,5,6,4,5,6,3,6,6,3,5,6,4,1,1,1,5,1,7,2,1,1,3,1,3,1,5,4,3,3,3,3,3,4,4,3,5,4,3,5,4
498504105,6/20/24 16:37,6/20/24 16:41,1,1,Male,10,,0,Swedish,6,,,,,,,,,,,,10,4,4,6,7,5,1,2,5,5,2,2,6,4,2,4,4,3,4,2,4,3,4,4,2,2,2,1,1,1,7,8,5,6,2,2,4,4,3,4,4,4,3,4,4,5,4,3,4,4,5,4,4,5,4
3723062401,6/20/24 16:34,6/20/24 16:41,34,2,Female,0,NZ Māori / Pākeha (European) mixed,0,New Zealand,6,,,,,,,,,,,,0,4,5,7,7,5,2,3,6,6,1,2,6,2,3,6,3,3,6,1,3,6,6,2,5,1,2,1,9,9,9,9,1,2,2,1,2,1,1,1,5,5,1,2,5,2,5,4,4,6,6,2,5,5,4
3204191604,6/20/24 16:34,6/20/24 16:40,26,2,Female,5,,8,,0,Atheist,,,,,,,,,,,2,4,5,6,7,5,4,3,5,5,1,2,3,2,3,5,3,4,5,2,3,5,6,5,2,2,3,2,1,1,5,3,7,3,2,2,4,2,1,3,4,4,4,5,3,4,5,5,4,5,3,5,3,3,4
7977558122,6/20/24 16:25,6/20/24 16:40,23,1,Male,10,,2,,1,,,,,,,,,,,Grace community life,100,2,1,4,2,1,6,6,6,6,1,6,6,6,6,6,1,6,6,6,6,6,6,6,6,1,1,2,2,2,5,5,9,2,2,3,3,1,1,1,5,5,5,0,6,6,0,0,6,4,6,0,3,6,6
5784808388,6/20/24 16:32,6/20/24 16:40,8,1,Male ,1,,0,South Africa ,1,,1,,,,,,,,,,85,1,1,2,1,1,4,6,6,6,1,1,1,2,6,1,6,6,6,6,6,1,6,3,4,2,5,2,2,2,1,1,2,3,2,2,3,1,2,1,4,5,3,5,6,6,1,5,6,6,5,3,6,6,6
2296655058,6/20/24 16:34,6/20/24 16:40,54,2,female,10,,7,,6,,,,,,,,,,,,0,4,5,7,7,5,1,2,3,5,1,5,5,4,3,6,5,3,5,2,3,3,5,2,6,3,3,1,3,3,7,7,4,3,2,2,3,2,2,3,4,4,3,5,3,2,4,4,3,5,2,5,2,3,4
5839990873,6/20/24 16:32,6/20/24 16:40,5,1,Male,5,,8,,6,,,,,,,,,,,,10,4,4,6,6,4,3,3,6,4,2,4,3,3,5,3,2,3,4,2,5,3,3,3,4,2,3,3,1,3,7,6,2,5,3,6,3,3,4,4,2,3,2,4,2,3,5,5,3,3,3,4,5,4,2
9057266547,6/20/24 16:27,6/20/24 16:40,14,2,Female,1,,0,South African,6,,,,,,,,,,,,0,4,4,7,7,4,3,5,6,5,3,4,3,3,6,6,6,4,6,3,6,5,6,6,6,2,6,1,2,3,5,1,3,2,2,4,5,3,1,1,4,5,3,5,2,1,5,5,1,6,1,6,1,1,0
7432749956,6/20/24 16:31,6/20/24 16:40,5,1,male,1,,0,south african,1,,,,,,,,,,,seventh day adventist,80,3,1,1,1,2,2,2,5,6,1,2,2,3,6,2,3,6,6,4,6,6,6,6,5,6,4,1,1,1,5,1,7,3,3,2,3,1,1,3,4,5,3,4,4,5,4,3,3,6,6,4,2,4,3
3208503908,6/20/24 16:23,6/20/24 16:40,8,1,male,5,,0,Chile,6,,,,,,,,,,,,30,2,2,6,6,3,4,4,3,6,1,2,3,2,2,2,3,4,3,3,4,2,6,4,2,2,3,2,1,1,4,2,3,2,1,1,4,1,3,1,4,4,3,2,6,5,3,3,6,4,4,5,3,3,5
738895074,6/20/24 16:33,6/20/24 16:40,9,1,Male,10,,0,Poland,1,,1,,,,,,,,,,5,4,4,6,7,5,2,2,5,5,2,2,2,4,3,4,3,5,4,3,4,5,5,4,3,4,3,1,1,1,1,1,5,6,2,1,3,2,3,2,3,3,3,4,3,3,3,3,3,4,3,3,3,2,2
7837272291,6/20/24 16:32,6/20/24 16:40,14,2,Female,10,,0,Poland,1,,1,,,,,,,,,,14,5,4,5,7,5,2,3,6,6,1,1,1,1,4,2,3,3,2,3,5,2,6,5,3,2,6,1,1,1,9,3,6,2,2,2,2,1,1,1,5,5,4,4,1,3,0,4,4,4,5,5,4,5,3
2374898426,6/20/24 16:32,6/20/24 16:39,13,2,female,1,,0,south africa,1,,,,,,,,,8,,,92,2,1,1,1,1,3,6,6,6,4,4,3,3,3,6,4,4,1,6,1,3,2,4,2,4,4,2,2,2,1,2,9,1,1,1,5,1,1,2,2,5,3,4,3,3,4,4,3,3,6,3,4,4,3
8753896170,6/20/24 16:30,6/20/24 16:39,7,2,Female,10,,0,Australia ,1,,,,,,,,,,,Jehovah’s Witness,100,1,1,1,1,2,5,6,6,5,6,2,5,6,3,6,6,4,6,6,4,5,6,4,5,6,4,1,3,4,1,1,8,2,1,1,3,1,1,4,4,5,4,5,3,3,5,2,5,5,4,6,2,1,3
5192137338,6/20/24 16:31,6/20/24 16:39,13,1,Male,5,,8,,1,,1,,,,,,,,,,0,5,5,7,7,5,6,1,6,6,1,1,3,1,1,3,1,6,6,1,2,6,6,3,4,1,4,4,3,3,9,9,1,7,4,2,5,1,1,3,5,5,1,4,4,4,4,4,4,6,4,5,0,0,5
7507695311,6/20/24 16:32,6/20/24 16:39,9,1,Male,4,,7,,6,,,,,,,,,,,,0,4,5,7,7,5,2,3,6,5,3,2,3,3,2,4,3,5,3,2,5,6,2,2,4,1,3,1,1,1,7,6,8,4,2,3,4,1,3,1,5,5,3,4,5,5,5,3,4,6,2,4,3,3,4
2020839493,6/20/24 16:32,6/20/24 16:39,32,1,Male,10,,5,,6,,,,,,,,,,,,1,5,5,7,7,5,3,2,5,5,1,4,5,4,2,6,6,5,6,2,4,6,6,6,4,1,6,1,6,6,6,6,4,4,4,7,4,2,2,2,4,4,4,4,4,4,4,4,4,4,4,4,4,4,4
3247530684,6/20/24 16:29,6/20/24 16:39,1,1,male,6,,1,,6,,,,,,,,,,,,0,5,4,7,7,5,1,5,6,6,1,4,3,2,2,2,3,6,6,2,4,3,6,6,4,1,5,1,1,1,8,6,3,9,7,4,4,1,1,1,5,4,4,3,4,1,2,4,4,5,3,5,3,5,3
765615574,6/20/24 16:33,6/20/24 16:39,12,2,female,10,,0,Portugal,6,,,,,,,,,,,,20,3,4,7,7,4,3,4,6,4,1,2,1,1,3,4,6,5,3,4,3,6,6,6,5,4,6,2,1,2,7,3,5,4,2,1,3,2,2,3,5,5,3,3,5,2,4,5,5,6,6,6,4,5,5
8280179683,6/20/24 16:25,6/20/24 16:39,10,2,Woman,5,,8,,6,,,,,,,,,,,,0,,,,,,,,,,,,,,,,,,,,,,,,,,,3,7,9,7,9,1,7,7,2,5,2,4,2,3,3,3,4,3,5,1,6,4,6,2,4,5,4,3
5830695297,6/20/24 16:31,6/20/24 16:39,3,2,female,5,,8,,6,,,,,,,,,,,,14,4,2,6,6,4,1,2,2,1,2,3,2,2,2,3,4,4,4,2,4,1,5,4,3,4,4,1,1,1,8,7,6,5,3,2,5,4,3,3,4,4,4,5,4,5,4,3,4,4,3,5,2,4,3
2244434386,6/20/24 16:31,6/20/24 16:39,5,1,male,6,,0,Egypt,2,,,,,,,,,,,,90,1,1,2,1,1,4,6,4,6,2,2,2,6,3,5,3,6,6,5,2,6,1,2,5,6,4,1,1,1,2,1,9,4,5,2,4,1,1,3,2,5,4,5,6,4,6,1,3,6,4,6,5,5,3
7016250951,6/20/24 16:32,6/20/24 16:39,7,2,Female ,7,,0,Tunisian,2,,,,,,,,,,,,100,3,1,3,1,2,2,6,6,6,2,2,5,6,5,6,6,6,5,6,5,5,6,6,5,6,5,1,1,1,1,1,9,1,1,1,4,1,3,4,5,5,5,4,3,4,2,3,3,3,4,2,4,4,3
284701893,6/20/24 16:29,6/20/24 16:39,23,1,Male,5,,8,,6,,,,,,,,,,,,32,4,4,6,3,4,6,5,6,6,2,1,4,2,5,4,4,4,6,5,4,4,4,5,5,2,5,2,2,4,3,3,3,5,3,2,3,1,3,3,4,4,2,3,4,3,3,3,3,2,4,2,3,4,3
6081729772,6/20/24 16:32,6/20/24 16:39,14,1,Male,5,,8,,6,,,,,,,,,,,,5,4,4,6,7,5,5,2,6,6,1,4,4,1,3,4,4,5,4,2,5,5,2,6,4,1,2,2,2,1,7,8,2,8,2,8,2,2,2,1,4,4,2,4,3,6,4,4,5,4,3,4,2,3,2
6900931918,6/20/24 16:31,6/20/24 16:39,1,1,Male,10,,9,,1,,1,,,,,,,,,,15,5,4,5,5,4,3,2,4,5,2,5,4,5,5,3,3,5,6,3,5,6,6,6,5,5,6,1,1,1,8,4,5,4,4,5,3,2,2,1,4,5,2,3,4,4,5,4,4,6,3,3,4,3,4
5335915177,6/20/24 16:26,6/20/24 16:39,11,1,Male ,10,,0,Poland ,6,,,,,,,,,,,,0,4,5,6,7,5,6,2,5,6,1,1,3,1,2,6,1,2,6,2,3,2,2,2,3,4,4,2,3,3,8,1,4,3,2,1,3,1,1,1,5,5,3,4,3,3,4,4,4,5,5,5,3,3,4
7439904184,6/20/24 16:29,6/20/24 16:39,7,2,Female,1,,0,South African ,1,,,,,,5,,,,,,75,1,1,3,2,1,1,2,4,6,1,2,1,3,3,6,6,5,4,4,3,6,6,6,4,6,6,2,3,3,5,1,7,2,2,1,3,1,1,1,5,5,2,0,5,4,4,0,3,5,4,2,6,6,3
1305783768,6/20/24 16:30,6/20/24 16:39,18,2,Female ,9,,0,India,4,,,,,,,,,,,,12,4,1,5,6,1,6,6,4,6,5,4,5,6,5,6,6,4,6,6,4,6,6,5,6,6,5,2,2,2,4,1,9,1,1,1,4,3,3,4,4,4,3,3,2,2,0,2,5,5,3,4,2,2,2
3908827895,6/20/24 16:23,6/20/24 16:38,4,2,non-binary (agender),10,,0,Hungary,6,,,,,,,,,,,,25,3,4,7,7,3,5,2,6,6,2,1,4,1,5,6,6,5,3,6,5,2,6,6,4,2,1,1,1,1,2,1,5,1,1,1,5,3,2,1,5,5,1,2,5,4,4,2,4,5,5,4,4,2,5
4180479424,6/20/24 16:32,6/20/24 16:38,5,1,Male,4,,7,,6,,,,,,,,,,,,0,3,4,7,7,5,3,2,4,5,1,2,3,2,4,5,3,5,2,2,5,5,1,3,3,2,5,2,1,1,6,3,4,2,4,3,3,1,1,1,5,5,2,3,5,3,3,4,5,6,4,4,3,4,4
2389011321,6/20/24 16:28,6/20/24 16:38,4,2,Female,1,,0,South African,1,,1,2,3,4,5,6,7,8,,,99,3,1,2,1,1,5,2,6,6,3,3,6,4,5,6,3,6,6,6,6,6,6,6,4,3,6,7,7,6,4,5,5,7,8,6,5,1,1,3,4,5,2,3,3,3,2,2,3,3,3,5,3,3,3
4092023615,6/20/24 16:31,6/20/24 16:38,24,1,Male,10,,0,Greek,6,,,,,,,,,,,,0,5,5,7,7,5,4,1,4,5,1,1,3,1,2,6,1,6,6,1,4,4,4,5,5,1,4,3,5,7,9,8,1,6,4,2,2,1,1,1,5,5,1,6,0,2,6,6,4,6,1,6,2,1,4
7293733642,6/20/24 16:33,6/20/24 16:38,10,1,male,10,,0,greek,1,,,,3,,,,,,,,65,3,1,4,1,2,5,1,3,1,1,1,3,1,1,3,1,2,1,1,1,1,1,2,1,1,1,2,5,5,9,9,6,2,2,6,3,2,3,4,3,4,2,2,3,2,4,4,2,4,3,3,3,2,4
1380353371,6/20/24 16:25,6/20/24 16:38,15,1,Male,5,,8,,6,,,,,,,,,,,,0,4,5,7,7,5,1,3,5,1,2,5,2,2,4,1,2,4,1,2,6,1,2,5,1,3,4,1,1,1,7,9,3,6,2,1,1,1,2,1,4,2,2,5,2,2,5,6,2,5,4,6,2,2,1
2051154428,6/20/24 16:24,6/20/24 16:38,18,1,Male,10,,4,,6,,,,,,,,,,,,0,4,4,7,7,5,5,1,6,6,1,2,3,1,3,6,1,3,5,2,2,4,4,6,5,2,4,2,1,1,8,1,9,2,2,2,4,1,1,1,5,5,1,5,3,1,4,4,2,4,4,5,3,4,1
5349430156,6/20/24 16:27,6/20/24 16:38,3,1,boy,1,,0,kenyan,1,,,2,,,,,,,,,40,2,3,2,1,3,3,6,6,4,2,3,4,5,4,4,5,6,4,5,2,1,3,4,2,5,3,4,3,3,7,7,2,7,7,7,2,1,1,2,5,5,3,3,6,4,4,2,5,6,6,1,2,6,5
6573347347,6/20/24 16:24,6/20/24 16:38,8,2,female,1,,0,South Africa,1,,,,,,,,,8,,,100,1,1,1,1,1,6,6,6,6,6,1,6,6,1,6,6,6,6,6,4,6,6,3,6,6,6,2,1,2,1,1,9,1,1,1,3,1,1,3,5,5,2,6,6,3,6,0,4,6,6,6,6,6,6
15809405,6/20/24 16:27,6/20/24 16:37,5,2,Female,10,,7,,6,,,,,,,,,,,,0,3,3,7,7,4,2,4,6,5,2,6,1,6,6,6,6,6,6,6,6,6,6,6,5,4,6,2,2,6,8,3,1,6,5,6,5,1,2,2,3,3,2,4,3,5,4,5,4,3,2,4,2,3,3
2237984497,6/20/24 16:32,6/20/24 16:37,6,1,Male,5,,0,Brazilian,1,,1,,,,,,,,,,65,3,1,4,1,3,5,5,6,6,2,3,5,2,3,5,2,5,6,5,6,6,6,5,4,3,5,1,1,1,7,5,7,2,2,2,3,2,2,1,4,4,3,4,2,1,4,4,4,5,4,4,3,3,1
4095996288,6/20/24 16:31,6/20/24 16:37,3,2,Woman,4,,7,,6,,,,,,,,,,,,0,4,2,5,5,4,5,2,6,6,3,3,6,2,3,5,5,6,6,1,5,6,6,6,6,2,4,1,1,1,6,4,2,1,1,1,2,1,1,1,5,5,3,6,1,3,4,4,4,6,3,6,4,4,4
605479897,6/20/24 16:31,6/20/24 16:37,18,2,female,9,,7,,4,,,,,,,,,,,,89,2,1,2,1,1,6,5,4,6,4,4,6,6,4,4,6,6,6,6,5,5,6,5,6,6,5,2,1,2,1,1,1,1,1,1,3,3,3,3,3,4,3,4,4,4,4,4,4,2,4,2,4,4,5
9438200248,6/20/24 16:28,6/20/24 16:37,15,2,female,2,,0,ghanaian,1,,,,,,,,,,9,,100,2,1,2,1,1,6,6,6,6,3,6,3,6,6,6,6,6,6,6,6,3,6,3,6,6,6,2,2,1,1,1,9,1,1,1,3,3,3,3,3,3,3,3,3,3,3,3,3,3,3,3,3,3,3
7682381027,6/20/24 16:26,6/20/24 16:37,13,1,Male,11,,0,Hungary,1,,1,,,,,,,,,,15,4,5,6,6,5,5,4,6,6,1,4,1,1,3,3,2,5,1,1,4,3,1,3,3,1,4,2,3,2,6,7,5,7,6,7,3,3,4,4,4,5,4,3,4,6,4,4,6,5,4,5,4,4,4
3522773784,6/20/24 16:31,6/20/24 16:37,16,2,Woman,10,,0,Chilean,6,,,,,,,,,,,,0,4,4,7,7,5,4,5,6,6,1,2,2,2,4,6,5,4,5,1,5,5,6,2,4,1,2,1,2,1,9,7,1,7,4,3,3,2,3,1,5,5,4,4,0,0,6,6,2,6,3,6,3,2,1
1584122894,6/20/24 16:27,6/20/24 16:37,9,2,GENDER FLUID,10,,0,GREECE,6,,,,,,,,,,,,0,3,4,5,7,5,1,4,3,4,2,1,1,2,2,5,5,4,2,1,2,5,6,5,1,6,2,4,4,1,9,9,1,4,4,4,5,2,1,1,5,5,1,4,1,0,4,5,0,5,6,6,2,5,1
1465561734,6/20/24 16:27,6/20/24 16:37,48,2,Female,10,,0,New Zealand,6,,,,,,,,,,,,1,2,5,7,7,5,4,4,6,5,2,4,5,4,4,5,4,4,6,3,4,5,5,4,3,5,4,1,1,3,6,1,4,2,2,2,2,2,2,3,4,4,3,4,2,3,4,4,3,6,3,4,2,3,2
3076837525,6/20/24 16:29,6/20/24 16:37,27,2,Female,10,,3,,1,,1,,,,,,,,,,70,3,1,3,1,2,4,3,6,6,1,2,3,1,4,6,6,3,6,2,6,5,6,1,5,2,1,1,2,2,7,1,9,2,2,1,3,2,1,1,5,5,3,3,3,2,3,2,4,6,4,5,3,4,4
7936026056,6/20/24 16:28,6/20/24 16:36,5,1,Male,1,,0,South Africa,1,,1,,,,,,,,,,80,3,1,4,1,3,2,6,4,4,1,2,3,3,2,4,3,2,3,5,2,3,5,1,3,5,4,2,1,2,4,1,4,2,2,1,4,1,1,3,3,4,3,5,4,4,5,6,4,6,5,6,3,3,3
2112792630,6/20/24 16:28,6/20/24 16:36,3,2,Female ,10,,0,Australian ,6,,,,,,,,,,,,0,4,4,7,7,4,1,3,5,2,1,2,2,1,3,6,2,5,2,1,2,6,6,5,2,2,5,2,3,2,8,6,2,2,1,1,3,2,1,3,2,3,4,4,3,4,5,4,5,5,3,4,3,4,4
6261755054,6/20/24 16:30,6/20/24 16:36,31,1,male,10,,7,,1,,1,,,,,,,,,,4,4,1,3,1,5,4,2,6,6,1,4,4,1,3,6,2,2,6,2,4,6,4,2,4,3,3,2,3,4,9,4,2,4,2,2,3,1,1,2,5,5,3,5,3,5,5,6,5,6,2,2,2,2,5
9270587537,6/20/24 16:31,6/20/24 16:36,8,2,Female,9,,1,,2,,,,,,,,,,,,100,1,1,1,1,1,4,6,6,6,6,4,2,6,6,6,6,4,3,6,6,3,6,6,4,6,6,2,1,1,1,1,9,1,1,1,5,5,5,5,3,1,5,3,3,0,4,3,1,3,3,5,3,3,1
2417938915,6/20/24 16:24,6/20/24 16:36,17,2,Female ,1,,0,South Africa ,1,,1,,,,,,,,,,65,3,1,4,1,3,4,5,6,6,3,1,2,3,6,5,2,2,5,3,6,3,6,2,4,2,2,2,2,2,5,1,6,7,3,2,4,2,3,3,4,4,3,4,4,4,3,4,4,5,5,4,3,4,4
4532460482,6/20/24 16:28,6/20/24 16:36,16,2,Female ,1,,0,South Africa ,1,,,,,,,6,,,,,75,2,1,5,1,2,4,5,6,6,4,3,6,2,5,5,3,6,6,5,3,4,6,5,6,6,2,1,2,3,7,2,7,2,2,2,4,3,4,2,5,5,2,4,6,0,3,6,4,6,6,4,5,6,3
7699509456,6/20/24 16:25,6/20/24 16:36,9,1,Male,5,,8,,6,,,,,,,,,,,,25,2,5,6,7,5,1,3,4,4,1,2,2,4,2,4,3,5,5,1,2,1,5,5,3,1,3,7,9,9,9,9,2,6,6,6,3,2,2,1,5,5,3,4,5,4,2,4,4,3,5,3,5,6,4
357632987,6/20/24 16:27,6/20/24 16:36,10,1,Answered above already,10,,0,Hungarian,1,,1,,,,,,,,,,0,5,5,7,7,5,3,4,6,5,1,1,2,1,4,5,1,6,6,1,5,4,3,4,4,4,3,1,1,1,6,7,4,5,3,3,3,1,1,1,5,5,3,2,3,2,4,3,4,3,4,5,3,4,3
2927848017,6/20/24 16:29,6/20/24 16:36,9,1,Male,10,,0,Portugal,1,,1,,,,,,,,,,1,4,4,6,6,5,1,2,5,5,1,2,5,1,2,4,2,2,4,1,2,6,2,2,4,1,1,1,1,1,5,2,7,1,1,1,2,1,1,2,1,2,2,1,4,5,2,4,3,3,6,4,4,5,6
4981937890,6/20/24 16:27,6/20/24 16:36,18,1,Male,10,,0,Sweden,1,,,,,,,,,,,Non religious christian,16,3,3,7,7,4,2,3,4,5,1,1,4,2,2,5,2,4,5,3,3,4,4,4,4,1,3,2,7,3,3,2,5,2,2,2,3,2,2,3,4,4,4,3,3,3,3,3,3,5,4,3,4,4,3
9551185735,6/20/24 16:29,6/20/24 16:36,6,2,Female,11,,0,Portugal,6,,,,,,,,,,,,25,4,3,6,7,5,4,5,6,4,2,2,3,2,4,4,5,6,4,3,4,3,5,6,4,4,4,2,1,1,4,2,5,1,1,1,3,2,2,3,4,4,4,3,4,3,3,4,4,3,3,4,3,3,3
4748780354,6/20/24 16:23,6/20/24 16:36,24,1,Male,6,,0,Saudi Arabja,2,,,,,,,,,,,,90,3,1,1,1,3,5,5,6,6,3,2,6,2,5,6,1,5,6,3,6,6,6,5,5,5,6,1,1,2,6,4,3,3,3,2,4,1,2,4,3,4,3,4,3,4,3,4,5,6,5,6,3,3,5
8089161894,6/20/24 16:28,6/20/24 16:36,15,2,Female ,10,,1,,6,,,,,,,,,,,,12,5,5,7,7,5,4,2,6,6,1,6,5,1,6,6,5,6,5,1,6,4,6,6,5,1,6,2,2,2,8,5,5,2,2,2,1,1,1,1,5,5,1,5,3,2,3,3,3,3,3,5,0,1,6
9686885421,6/20/24 16:28,6/20/24 16:36,3,1,Male,10,,0,Poland,6,,,,,,,,,,,,10,4,3,7,7,3,1,5,4,6,2,2,1,2,3,5,5,4,3,3,5,4,3,3,2,2,3,2,1,2,1,5,4,2,1,1,4,2,2,2,3,4,3,3,3,4,1,2,3,5,3,4,4,3,4
8018093971,6/20/24 16:29,6/20/24 16:36,23,1,Male,10,,0,South African,6,,,,,,,,,,,,0,2,5,7,7,5,4,3,3,6,1,2,5,2,3,6,2,3,3,2,4,6,2,1,5,2,3,2,1,3,8,6,4,2,2,2,4,2,3,1,5,4,2,5,2,1,4,5,4,6,4,6,4,4,4
5152540253,6/20/24 16:25,6/20/24 16:36,7,1,male,5,,0,chilean,6,,,,,,,,,,,,0,5,4,7,7,4,6,4,6,6,1,3,4,1,2,4,5,3,6,4,5,5,6,3,4,2,5,2,1,1,1,1,7,1,2,1,3,2,4,1,4,4,3,4,2,5,4,3,3,4,3,5,2,4,6
5713494633,6/20/24 16:29,6/20/24 16:35,11,1,Male,5,,8,,0,Agnostic,,,,,,,,,,,6,3,4,6,7,5,2,1,6,6,1,1,1,1,2,6,6,5,6,1,2,6,2,5,6,1,2,4,6,7,9,9,1,9,1,8,4,1,1,1,5,3,2,6,2,6,5,5,6,6,2,6,2,2,5
7444190306,6/20/24 16:26,6/20/24 16:35,37,2,Female,10,,1,,1,,1,,,,,,7,,,,5,3,3,6,6,3,2,5,6,4,3,5,4,4,6,6,4,6,4,5,6,4,6,6,4,4,6,1,6,6,7,5,2,2,2,2,3,2,2,2,4,4,2,4,3,3,3,5,3,5,3,4,2,3,3
1915817842,6/20/24 16:27,6/20/24 16:35,4,1,Male,10,,0,Portugal,1,,1,,,,,,,,,,12,4,4,6,7,4,4,3,4,6,1,1,2,1,2,6,1,4,5,2,3,6,4,3,6,2,2,2,2,3,9,9,1,7,4,2,3,2,2,1,5,5,3,3,2,4,3,4,4,5,5,4,2,3,4
4083079725,6/20/24 16:28,6/20/24 16:35,10,1,Male,1,,0,South African ,1,,,,,,,,,8,,,100,2,1,2,3,1,6,6,6,6,4,4,6,6,6,6,6,6,6,4,6,6,6,6,6,6,6,7,7,9,9,1,1,6,4,7,3,1,1,5,5,5,3,6,6,6,6,6,6,6,6,2,6,6,6
550725571,6/20/24 16:28,6/20/24 16:35,5,1,male,10,,0,greece,1,,,,3,,,,,,,,30,4,3,5,1,4,3,4,6,6,2,5,4,1,4,5,2,6,5,2,5,6,6,6,3,2,2,2,1,1,5,2,4,2,1,1,3,5,2,2,2,3,2,2,5,3,4,4,3,2,5,3,4,4,4
3584374418,6/20/24 16:26,6/20/24 16:35,6,1,Male,5,,6,,1,,1,,,,,,,,,,0,5,2,7,7,3,5,6,6,6,1,1,6,1,6,4,6,6,3,1,6,1,6,3,3,1,6,2,1,2,1,8,9,8,1,7,4,1,1,1,1,5,5,6,3,3,0,4,4,6,4,5,5,6,5
532457901,6/20/24 16:30,6/20/24 16:34,5,1,Male,10,,0,Poland,1,,1,,,,,,,,,,27,4,3,5,6,2,3,3,5,5,2,3,2,3,4,6,3,4,5,3,4,4,3,3,4,3,4,1,1,1,2,2,6,3,5,4,3,4,4,3,3,3,2,5,3,3,4,5,5,5,3,4,2,4,3
3499276801,6/20/24 16:23,6/20/24 16:34,14,2,female,1,,0,south african ,1,,,,,,,6,,,,,57,3,2,6,1,3,3,6,6,4,4,6,3,2,6,6,6,6,6,3,6,6,6,6,6,2,6,1,7,3,8,4,4,4,5,3,3,1,2,1,3,2,1,3,2,0,6,6,2,6,0,6,0,0,0
3594129231,6/20/24 16:25,6/20/24 16:34,2,2,Female,10,,1,,6,,,,,,,,,,,,5,3,4,7,7,4,1,3,5,5,4,3,4,4,4,5,4,4,3,4,4,4,5,3,3,4,5,2,1,1,8,1,9,1,1,1,3,1,1,1,5,5,1,4,2,2,4,4,4,4,2,5,2,3,4
4637960329,6/20/24 16:25,6/20/24 16:34,21,1,male,10,,7,,6,,,,,,,,,,,,0,4,5,7,7,5,1,4,5,5,2,3,2,1,2,6,1,2,2,1,2,1,1,4,3,1,6,2,6,6,9,6,1,6,3,3,1,1,2,1,5,5,1,2,5,2,2,5,5,6,6,5,3,5,5
8150148926,6/20/24 16:29,6/20/24 16:34,6,1,Male,4,,0,Chinese,6,,,,,,,,,,,,0,5,5,7,7,5,5,6,6,6,1,3,1,1,2,6,2,1,3,3,5,6,6,6,2,1,2,1,1,1,7,4,9,5,2,2,3,1,1,1,5,4,4,4,5,4,2,3,5,2,3,5,1,5,5
831157683,6/20/24 16:23,6/20/24 16:34,11,2,Female,10,,0,Portugual,1,,1,,,,,,,,,,20,3,1,6,5,3,5,6,3,5,2,5,6,4,5,3,5,4,6,6,5,6,6,5,5,5,5,2,2,2,3,2,7,2,2,1,4,1,1,4,2,3,4,4,4,3,4,2,5,1,4,2,3,4,4
8310333053,6/20/24 16:28,6/20/24 16:34,13,2,Female,10,,1,,6,,,,,,,,,,,,7,4,4,7,7,4,2,4,5,5,2,3,3,2,3,3,4,5,4,3,5,5,4,4,4,5,6,2,2,2,7,3,7,5,4,3,4,1,2,3,4,4,3,4,3,4,3,4,4,5,4,3,3,4,4
8955465085,6/20/24 16:21,6/20/24 16:33,5,1,Male,1,,0,South Africa,1,,,,,,,,,8,,,77,3,2,5,1,1,5,5,6,6,1,1,2,3,4,5,3,6,6,4,5,2,4,2,4,1,5,4,6,3,8,9,2,5,6,7,3,1,2,3,4,4,3,2,4,3,2,3,3,5,6,3,2,4,4
4240472983,6/20/24 16:28,6/20/24 16:33,18,1,Male,10,,1,,6,,,,,,,,,,,,11,4,3,7,7,4,2,1,3,3,1,3,3,2,2,5,2,5,4,2,4,3,4,4,2,1,3,2,4,3,8,3,3,2,2,3,4,1,1,1,5,5,1,3,2,2,4,4,3,5,3,2,2,3,3
4777912507,6/20/24 16:26,6/20/24 16:33,28,1,male,10,,9,,6,,,,,,,,,,,,0,5,5,7,7,5,3,3,4,4,1,2,3,1,2,6,2,2,5,2,4,4,3,3,3,1,3,9,1,9,9,8,1,7,7,7,3,2,2,2,3,3,2,4,2,2,3,4,2,4,3,5,2,2,3
7618333848,6/20/24 16:27,6/20/24 16:33,3,2,Female,10,,0,Portugal,6,,,,,,,,,,,,0,2,5,7,7,5,2,5,5,3,1,3,1,2,5,5,6,6,3,1,5,2,6,6,3,1,5,3,2,5,8,4,8,8,7,6,4,1,1,1,5,5,1,5,2,1,5,6,3,6,5,6,3,4,3
5765784561,6/20/24 16:27,6/20/24 16:33,17,2,Woman,15,,0,New Zealand,6,,,,,,,,,,,,3,4,4,7,7,4,2,4,5,5,1,2,5,1,4,5,6,5,5,2,4,5,6,5,3,2,4,2,1,1,3,1,9,1,1,1,1,2,1,1,4,5,3,2,4,3,4,5,5,4,4,2,2,2,4
5387337590,6/20/24 16:26,6/20/24 16:33,4,2,Female,9,,1,,2,,,,,,,,,,,,100,2,1,1,1,1,2,6,6,6,6,5,4,6,6,5,6,6,5,3,4,5,6,6,5,6,6,1,1,1,1,1,8,2,1,1,3,1,1,3,3,4,4,2,3,5,4,4,5,4,4,4,4,4,4
1700945215,6/20/24 16:26,6/20/24 16:32,22,1,Male,10,,7,,6,,,,,,,,,,,,0,4,4,7,6,4,1,3,4,3,1,4,4,2,3,4,1,5,6,1,5,2,2,6,3,3,3,1,2,2,7,6,3,3,4,4,1,4,5,5,2,3,4,4,2,3,4,4,2,5,3,5,1,3,2
8633915670,6/20/24 16:27,6/20/24 16:32,12,2,female,9,,7,,6,,,,,,,,,,,,5,3,4,7,7,3,1,6,5,3,3,4,1,3,3,3,5,5,4,6,6,5,6,6,4,3,6,1,1,1,1,1,7,1,1,1,3,1,1,1,5,4,3,6,0,3,3,5,3,4,0,6,0,0,1
1105265101,6/20/24 16:23,6/20/24 16:32,19,2,Female,5,,8,,6,,,,,,,,,,,,0,4,5,7,7,5,6,5,5,5,1,3,2,1,3,4,3,4,2,1,6,6,6,5,5,1,4,1,3,3,9,9,1,5,6,2,2,1,1,1,5,5,3,4,1,3,2,4,3,5,1,6,2,1,1
2968139801,6/20/24 16:26,6/20/24 16:32,9,1,Male,7,,7,,0,Spiritual ,,,,,,,,,,,60,4,2,6,2,2,5,3,4,6,2,3,4,5,3,6,3,3,5,2,4,4,3,4,5,3,4,2,1,1,6,6,4,6,6,6,5,1,1,1,5,5,2,3,5,4,2,4,4,5,5,2,4,4,4
8221550215,6/20/24 16:27,6/20/24 16:32,4,1,Male,10,,0,Portugal,6,,,,,,,,,,,,0,5,5,7,7,5,4,2,5,5,1,4,2,2,3,4,2,4,5,1,3,4,1,3,4,1,5,1,1,2,8,8,7,9,9,9,4,1,1,1,4,4,4,3,5,4,1,1,6,6,4,4,4,5,5
1725952050,6/20/24 16:23,6/20/24 16:32,5,2,female,10,,0,Poland,1,,1,,,,,,,,,,8,4,4,5,5,5,5,2,4,6,3,1,2,2,3,4,6,5,5,5,4,6,6,5,5,2,6,1,1,1,2,1,9,2,1,1,4,2,3,4,3,3,3,5,3,4,3,4,4,4,1,4,2,1,4
7884866231,6/20/24 16:23,6/20/24 16:31,53,1,Male,10,,0,New Zealander,6,,,,,,,,,,,,0,4,5,7,7,5,5,1,6,6,1,3,5,2,3,6,3,5,6,3,5,4,3,4,5,6,5,2,3,3,7,4,7,3,4,4,3,1,1,1,5,5,1,3,3,5,3,4,5,5,4,4,1,4,5
7336922629,6/20/24 16:23,6/20/24 16:31,4,2,Female,10,,0,Portuguese,6,,,,,,,,,,,,0,4,5,6,7,5,2,5,5,5,2,2,3,1,2,5,1,5,5,2,4,6,6,4,4,3,3,1,1,1,9,1,9,1,2,1,2,1,1,3,4,4,2,4,1,2,6,6,3,6,2,5,3,1,4
3618962858,6/20/24 16:25,6/20/24 16:31,28,2,female,11,,6,,1,,1,,,,,,,,,,20,5,4,7,7,5,5,2,3,2,2,3,3,2,2,3,2,2,3,2,2,2,1,2,2,2,3,2,2,2,5,3,6,4,6,4,4,3,4,4,4,3,4,4,5,4,5,4,4,5,5,5,4,5,5
6453673565,6/20/24 16:24,6/20/24 16:31,23,1,Male,5,,8,,6,,,,,,,,,,,,4,5,4,7,6,4,5,2,3,6,1,3,4,1,4,6,1,4,6,1,6,5,1,4,5,1,1,2,1,1,9,9,4,9,8,7,4,4,4,4,4,5,4,5,5,5,4,5,5,6,6,6,4,4,4
1431254678,6/20/24 16:24,6/20/24 16:31,18,1,Male,5,,8,,1,,1,,,,,,,,,,20,3,1,5,4,4,2,2,5,4,2,2,2,2,5,5,2,5,5,4,4,5,5,2,3,3,5,2,3,3,5,3,5,4,2,2,3,1,2,1,3,4,3,3,3,2,4,4,3,4,3,4,3,3,3
3259733378,6/20/24 16:25,6/20/24 16:31,2,1,male,9,,7,,2,,,,,,,,,,,,90,3,1,6,6,3,4,3,3,4,4,1,3,5,3,4,3,5,4,4,3,3,5,2,2,4,3,1,1,1,2,1,9,2,2,2,3,2,2,2,3,3,3,3,4,3,3,3,3,3,2,6,2,3,2
138359651,6/20/24 16:24,6/20/24 16:31,16,2,Female,5,,6,,0,Spiritualist,,,,,,,,,,,85,3,1,3,1,2,5,4,4,5,1,3,3,1,5,6,4,2,6,1,5,5,5,3,5,3,4,7,2,7,9,9,1,6,5,5,4,2,2,1,4,4,4,3,2,3,2,2,3,3,3,3,3,3,4
9033028032,6/20/24 16:25,6/20/24 16:31,3,1,male,11,,0,Israeli,3,,,,,,,,,,,,5,4,4,7,6,4,5,5,4,5,1,3,1,2,4,4,2,3,5,1,4,3,2,4,3,1,3,2,3,3,9,9,1,8,3,8,3,2,2,4,4,4,3,2,4,4,3,2,5,3,3,4,2,4,4
917470885,6/20/24 16:19,6/20/24 16:31,13,2,Female,1,,0,South Africa,1,,,,,4,,,,,,,100,1,1,6,1,1,6,1,6,6,1,5,3,1,6,6,6,6,6,6,3,4,6,3,3,6,6,2,2,4,5,1,6,1,2,1,5,1,1,1,5,5,5,6,6,6,0,0,6,6,6,6,5,6,6
9505154039,6/20/24 16:26,6/20/24 16:30,14,1,Male,10,,7,,6,,,,,,,,,,,,20,3,5,5,5,5,2,1,2,5,1,4,3,2,2,5,3,3,3,2,3,4,5,4,5,3,5,2,8,9,9,7,3,6,4,2,3,2,2,3,5,4,3,2,4,3,3,5,4,6,5,3,2,4,4
4669802345,6/20/24 16:27,6/20/24 16:30,11,1,Male,4,,7,,6,,,,,,,,,,,,14,4,4,7,7,5,2,2,4,6,1,2,4,2,1,6,1,4,4,1,4,6,4,1,6,1,3,4,1,3,9,9,2,6,6,2,4,1,1,1,4,4,1,3,1,1,1,3,1,3,2,4,1,1,1
4721690713,6/20/24 16:23,6/20/24 16:30,6,1,male,5,,6,,6,,,,,,,,,,,,3,3,2,7,7,4,3,2,5,5,1,2,4,1,2,5,1,4,4,1,5,3,2,2,3,1,2,4,3,3,9,9,1,9,9,7,4,1,1,1,4,4,4,1,3,3,4,4,4,6,4,5,2,4,4
6934281812,6/20/24 16:20,6/20/24 16:30,3,2,Female,10,,9,,6,,,,,,,,,,,,0,4,4,6,7,4,6,2,3,6,1,2,4,1,1,5,2,5,4,4,2,6,5,4,6,1,2,2,1,1,8,2,7,2,2,2,2,3,4,3,4,4,4,2,5,5,3,3,5,4,5,4,5,6,5
82754449,6/20/24 16:26,6/20/24 16:30,9,2,Female,10,,0,Portugal,1,,1,,,,,,,,,,7,2,2,5,5,3,4,4,4,5,1,2,3,5,3,5,3,6,3,2,5,4,6,6,3,2,5,2,2,1,9,1,7,2,2,2,3,1,1,1,5,5,1,5,3,3,5,5,4,4,2,5,1,2,5
1973647705,6/20/24 16:16,6/20/24 16:29,10,1,Male,7,,0,Brazil,1,,1,,,,,,,,,,10,4,1,6,5,1,1,3,2,4,4,5,2,4,2,4,1,1,6,1,2,4,5,2,6,1,4,2,2,1,4,4,2,2,1,1,4,3,2,2,5,5,5,1,4,3,2,3,3,6,6,5,4,3,3
6588440793,6/20/24 16:16,6/20/24 16:29,10,1,Bisexual,5,,8,,0,Agnostic,,,,,,,,,,,5,5,4,7,7,4,6,5,6,6,2,3,5,2,5,2,3,4,1,1,4,6,5,3,6,1,1,1,2,2,9,6,1,1,2,1,4,2,2,1,5,5,3,4,2,5,4,4,6,6,5,6,6,4,5
4969917310,6/20/24 16:13,6/20/24 16:29,6,2,Female,1,,0,South African,1,,,,,,,6,,,,,100,3,1,2,1,2,6,6,5,6,2,2,6,5,5,6,6,5,6,3,4,4,6,3,5,6,5,5,2,3,9,1,1,2,2,2,1,1,1,2,5,5,3,6,6,5,3,6,6,1,6,6,4,6,5
9401688712,6/20/24 16:20,6/20/24 16:29,24,1,Male,10,,0,Finnish,1,,,,,,5,,,,,,12,4,4,5,6,4,2,3,4,6,1,1,4,1,1,6,1,2,5,1,2,4,4,3,5,1,2,2,7,4,7,7,5,7,6,6,3,2,4,2,4,4,2,2,4,5,2,3,4,3,4,2,4,4,4
8220229100,6/20/24 16:20,6/20/24 16:29,7,1,male,10,,0,Czech Republic,6,,,,,,,,,,,,0,4,5,7,7,3,2,3,2,3,2,3,3,2,4,4,1,3,1,1,4,2,1,4,2,1,2,1,1,1,3,7,3,2,2,4,3,3,3,2,4,3,3,5,3,3,4,4,3,4,2,4,2,2,3
3819290894,6/20/24 16:24,6/20/24 16:29,20,2,Female,10,,7,,1,,1,,,,,,,,,,86,3,1,6,5,2,6,4,6,6,1,5,5,1,3,4,4,6,6,3,4,6,6,6,5,6,6,2,1,1,7,1,7,2,1,1,3,1,2,3,4,3,4,1,4,5,2,2,4,4,2,2,3,3,5
3648395410,6/20/24 16:24,6/20/24 16:29,19,1,Male,10,,7,,6,,,,,,,,,,,,14,3,4,5,5,4,1,3,2,6,4,5,6,2,3,6,1,1,3,1,3,1,1,1,2,2,3,2,9,9,6,9,1,6,7,5,3,2,2,3,3,4,2,0,6,6,2,2,5,0,5,2,2,4,4
6630961288,6/20/24 16:20,6/20/24 16:29,5,2,Female,1,,0,South Africa,1,,,,,,,,,8,,,49,1,1,4,1,1,5,5,6,6,1,2,3,5,5,6,2,5,6,6,5,3,6,6,5,5,6,2,2,2,2,1,9,2,2,1,4,1,1,3,5,5,5,5,6,6,5,5,5,3,1,6,3,4,4
5567618006,6/20/24 16:21,6/20/24 16:29,16,1,Male,10,,4,,6,,,,,,,,,,,,0,3,5,7,7,5,3,2,6,4,1,5,3,1,3,5,3,5,4,2,6,5,3,5,5,2,2,2,2,4,7,7,2,8,6,6,3,2,2,4,3,3,3,4,4,3,4,3,4,5,4,4,4,4,5
240851800,6/20/24 16:19,6/20/24 16:29,18,2,Female,10,,0,Australia,6,,,,,,,,,,,,5,4,4,7,7,5,2,2,5,4,2,3,5,3,3,4,2,5,5,2,4,4,4,4,4,3,4,2,2,4,8,8,2,2,2,2,3,2,2,2,4,3,2,4,3,3,4,4,4,4,2,3,2,3,4
3032859636,6/20/24 16:21,6/20/24 16:29,16,2,Female,10,,0,Finland,6,,,,,,,,,,,,8,3,4,6,6,5,3,4,4,5,1,3,3,1,2,5,3,4,5,1,2,6,6,4,4,1,4,5,2,6,7,4,2,4,3,2,3,2,3,4,4,4,3,4,3,4,4,5,4,5,4,5,2,3,4
7874148384,6/20/24 16:23,6/20/24 16:29,7,2,Female,7,,0,Australian,0,Agnostic,,,,,,,,,,,15,3,3,7,6,4,5,6,6,6,1,3,3,3,5,5,6,5,4,3,6,5,3,6,3,3,6,2,2,2,5,1,9,7,2,2,2,1,1,1,5,5,1,6,0,0,6,6,0,6,3,3,1,3,3
7329371592,6/20/24 16:21,6/20/24 16:28,4,1,Male,10,,0,Poland,6,,,,,,,,,,,,0,4,4,6,7,4,2,3,3,4,2,1,2,2,2,5,3,2,2,3,3,3,4,2,3,3,5,1,1,1,7,5,5,5,3,4,3,1,1,1,4,5,3,5,1,1,4,4,3,5,3,3,2,3,2
7278392523,6/20/24 16:22,6/20/24 16:28,25,2,Agender,16,,6,,6,,,,,,,,,,,,0,4,5,7,7,5,3,5,4,6,1,2,3,2,2,6,4,3,5,1,2,3,6,2,5,1,2,1,2,3,9,5,2,1,1,1,3,2,2,1,5,5,2,5,2,1,5,5,2,5,4,5,3,4,4
8220689274,6/20/24 16:17,6/20/24 16:28,24,2,Female,5,,8,,1,,1,,,,,,,,,,38,4,3,5,6,5,3,5,5,6,4,3,3,3,2,3,4,3,5,3,3,2,4,3,5,3,6,2,1,2,5,6,9,3,1,1,3,2,1,3,2,4,3,3,3,4,4,5,4,5,2,2,4,3,4
1624766359,6/20/24 16:21,6/20/24 16:28,7,2,Female,1,,0,South African ,1,,1,,,,,,,,,,70,2,1,4,1,1,2,5,4,5,5,2,4,6,5,6,5,5,6,6,5,4,6,5,6,6,5,2,3,2,1,3,9,1,1,2,4,1,1,1,5,5,3,4,4,3,1,1,3,6,4,5,4,3,4
8675731220,6/20/24 16:20,6/20/24 16:28,6,1,Male,10,,0,Portugal,6,,,,,,,,,,,,5,4,5,7,7,4,2,2,6,6,4,1,3,5,4,6,2,2,6,4,4,6,6,2,6,4,2,1,4,2,4,2,1,6,2,1,2,2,2,1,5,4,3,3,5,3,3,6,4,3,2,2,3,4,3
3099261747,6/20/24 16:18,6/20/24 16:28,9,1,Non binary,10,,0,Swiss,6,,,,,,,,,,,,10,3,4,7,7,4,2,6,3,4,2,3,2,2,2,3,3,2,3,2,2,2,3,3,3,2,3,5,2,2,5,3,5,2,2,1,2,1,1,1,5,4,2,5,1,1,5,6,5,5,4,6,3,5,3
7009716664,6/20/24 16:21,6/20/24 16:28,31,1,Male,10,,7,,6,,,,,,,,,,,,0,4,4,7,7,5,4,4,6,4,1,4,4,1,4,4,5,5,6,2,6,4,6,5,5,1,5,2,9,7,7,7,2,2,1,2,4,3,3,3,4,4,4,3,4,4,3,4,4,4,4,4,2,4,4
3322760609,6/20/24 16:23,6/20/24 16:27,6,2,Female,5,,8,,0,Catholic,,,,,,,,,,,25,2,1,5,5,2,3,4,6,6,2,3,4,2,2,6,6,6,4,2,4,5,6,4,4,2,1,1,1,1,7,2,7,4,1,1,4,1,2,1,5,5,5,3,4,3,2,4,3,0,6,4,3,5,4
2162846986,6/20/24 16:20,6/20/24 16:27,8,1,Male,15,,0,Vietnamese,6,,,,,,,,,,,,0,4,5,7,7,5,4,4,5,4,3,3,4,3,3,4,3,4,5,3,4,5,4,5,5,3,3,1,1,1,3,3,6,2,2,1,3,2,2,2,4,4,3,3,4,3,3,3,4,5,4,3,3,3,3
92984952,6/20/24 16:20,6/20/24 16:27,13,2,Female ,5,,2,,6,,,,,,,,,,,,0,2,2,7,6,2,3,3,5,3,2,3,3,2,3,3,4,4,4,4,4,4,5,2,3,1,5,4,2,3,5,1,5,1,2,1,4,2,3,2,3,3,3,6,2,2,6,4,2,5,4,6,2,3,2
2528789756,6/20/24 16:16,6/20/24 16:27,16,2,female,5,,8,,1,,1,,,,,,,,,,9,3,3,7,6,3,5,3,6,6,1,2,5,4,3,6,3,4,5,1,4,6,2,2,6,2,5,1,2,4,9,6,2,5,5,2,3,2,2,2,4,3,4,4,2,3,4,5,3,5,4,4,1,2,4
5310841075,6/20/24 16:18,6/20/24 16:26,13,2,Female ,1,,0,South African,1,,1,,,,,,,,,,50,3,2,6,6,4,4,4,6,4,1,6,3,1,4,4,6,6,4,1,6,1,6,6,4,6,5,2,2,2,1,1,5,2,2,2,3,3,2,1,5,5,1,3,4,3,0,5,6,6,6,4,4,6,4
2341107918,6/20/24 16:20,6/20/24 16:26,21,2,Female,10,,1,,6,,,,,,,,,,,,0,4,5,7,7,5,6,5,6,6,3,3,6,4,6,6,2,6,6,6,5,6,6,6,3,6,5,3,5,7,7,8,1,8,2,2,3,1,1,1,5,4,1,6,4,3,5,4,3,5,3,5,2,3,2
9637943886,6/20/24 16:16,6/20/24 16:26,34,2,Female ,1,,0,South Africa ,1,,1,,,,,,,,,,93,2,1,2,1,1,6,6,6,6,2,3,6,3,3,6,2,3,6,6,6,4,6,6,6,6,6,2,2,3,5,2,1,1,1,1,3,1,1,4,5,5,5,2,6,0,0,0,0,0,6,0,6,6,6
8529731834,6/20/24 16:20,6/20/24 16:26,16,1,Male,10,,1,,6,,,,,,,,,,,,20,4,4,6,7,3,4,4,5,5,2,2,4,4,3,5,2,3,5,4,2,4,5,3,4,3,3,2,2,2,3,2,8,2,2,2,2,2,3,3,4,4,4,4,4,4,4,4,5,2,3,3,4,4,4
8877358991,6/20/24 16:13,6/20/24 16:26,5,1,Male,10,,1,,1,,,,,,,,,,,I don’t know,50,4,3,6,5,4,3,5,6,6,1,1,5,3,3,5,2,5,6,2,4,5,5,4,6,4,2,2,2,4,7,5,1,4,1,2,3,1,2,2,5,5,2,4,3,4,4,4,4,5,4,3,3,4,3
2321774880,6/20/24 16:16,6/20/24 16:26,6,1,male,10,,0,portuguese,6,,,,,,,,,,,,10,4,4,7,7,5,2,5,6,6,1,5,1,1,3,6,2,5,3,1,5,3,5,3,2,1,3,2,2,1,9,6,2,2,8,1,3,1,1,1,5,5,3,2,5,5,1,1,5,4,5,4,5,5,5
928256371,6/20/24 16:21,6/20/24 16:26,7,1,Male,10,,0,New Zealand,6,,,,,,,,,,,,0,4,4,7,7,5,4,3,5,5,1,5,4,1,3,5,2,6,5,1,5,5,4,3,4,2,4,2,1,1,8,6,2,3,3,2,1,1,2,1,4,2,2,4,1,2,4,5,3,4,4,4,4,3,2
2830818160,6/20/24 16:12,6/20/24 16:25,10,1,Men,1,,0,Algeria,6,,,,,,,,,,,,0,1,5,7,7,5,2,2,5,5,4,3,3,3,5,5,3,3,3,2,5,2,4,2,5,2,2,5,5,5,7,6,1,3,3,2,2,1,2,2,4,4,4,4,2,4,5,5,3,3,2,5,2,3,2
8671315493,6/20/24 16:16,6/20/24 16:25,7,2,female,2,,2,,1,,1,,,,,,,,,,70,4,1,5,1,3,1,1,5,3,1,2,1,1,2,1,6,3,1,1,3,1,6,4,1,1,6,2,1,1,9,3,3,2,3,3,4,1,1,1,5,5,3,2,3,3,3,4,3,4,3,4,4,4,3
6333708189,6/20/24 16:18,6/20/24 16:25,6,1,Male,10,,2,,6,,,,,,,,,,,,0,4,5,7,7,5,3,4,5,3,2,3,4,2,2,6,4,5,3,3,5,4,5,6,4,5,4,1,1,1,6,5,5,2,2,4,3,1,1,2,5,4,2,3,4,2,3,2,4,5,3,5,4,3,3
8992343384,6/20/24 16:17,6/20/24 16:25,9,2,Female,5,,8,,1,,1,,,,,,,,,,73,3,1,4,1,2,3,6,4,6,2,4,2,5,4,4,4,3,3,5,5,4,6,5,4,5,4,2,2,2,3,3,5,1,1,2,4,2,2,2,4,5,5,4,4,3,3,3,4,4,4,4,4,6,4
6350766988,6/20/24 16:21,6/20/24 16:25,15,2,Nonbinary,10,,0,Sweden,6,,,,,,,,,,,,0,4,2,7,7,4,2,6,6,6,6,4,1,3,3,5,4,6,6,6,6,6,6,6,6,6,6,1,1,1,6,1,9,2,1,1,2,3,3,3,3,4,3,3,4,5,3,3,4,4,4,3,3,3,5
3915626519,6/20/24 16:18,6/20/24 16:24,6,2,Female,10,,0,Turkey,6,,,,,,,,,,,,15,3,3,7,7,3,3,2,5,5,1,4,2,1,4,6,4,5,4,2,5,2,6,6,6,1,4,2,1,1,8,3,6,6,2,1,4,1,1,1,5,5,3,5,3,3,5,5,3,5,5,4,1,3,3
5692715112,6/20/24 16:17,6/20/24 16:24,7,2,Female,10,,0,Poland,6,,,,,,,,,,,,0,5,3,7,7,5,2,3,3,4,1,1,2,1,2,5,2,3,5,2,3,5,4,3,4,1,2,2,3,3,6,1,3,2,1,1,3,2,3,2,5,5,3,3,4,6,2,4,6,4,4,2,3,4,6
679748748,6/20/24 16:18,6/20/24 16:23,13,2,Female,1,,1,,2,,,,,,,,,,,,100,3,1,5,1,1,6,4,6,6,1,2,6,4,4,6,1,3,6,6,4,5,6,4,5,6,3,2,2,1,5,1,9,3,1,2,2,2,3,3,4,5,3,3,3,4,2,4,5,4,4,4,3,3,3
602168718,6/20/24 16:17,6/20/24 16:22,7,1,Male ,5,,8,,6,,,,,,,,,,,,1,4,3,6,7,4,2,4,6,5,1,5,1,2,4,4,6,6,2,2,6,5,6,4,2,2,4,3,1,2,8,5,3,6,7,3,4,2,1,1,5,4,2,6,2,5,4,6,6,6,5,6,0,3,5
6019588091,6/20/24 16:12,6/20/24 16:22,8,1,male,5,,8,,6,,,,,,,,,,,,20,4,2,5,7,3,3,2,5,5,1,2,4,3,4,3,3,6,4,4,5,5,2,4,2,3,6,3,3,2,8,7,2,6,4,2,3,2,2,1,5,5,1,2,4,3,0,0,4,3,4,3,2,5,4
1918129842,6/20/24 16:18,6/20/24 16:22,3,1,Male ,1,,0,South Africa ,1,,,,,,,6,,,,,100,1,1,2,1,2,6,6,6,6,1,3,5,3,4,6,6,5,6,6,6,1,6,3,3,6,6,2,3,2,1,1,9,1,1,2,5,1,1,4,5,5,5,6,6,6,2,4,6,6,6,6,6,6,6
302229250,6/20/24 16:16,6/20/24 16:22,9,1,Male,10,,0,Portugal,6,,,,,,,,,,,,0,2,5,7,7,3,1,1,6,6,1,3,1,1,4,4,1,4,6,1,5,5,6,4,4,1,3,2,1,2,9,9,1,9,6,9,2,1,1,1,5,5,3,4,4,1,0,4,6,6,4,5,1,4,1
1832362981,6/20/24 16:16,6/20/24 16:22,19,1,male,10,,6,,1,,,2,,,,,,,,,100,1,1,7,1,3,6,6,6,6,6,3,6,6,4,6,3,6,6,6,6,6,6,3,6,6,3,2,1,1,1,1,9,1,1,1,3,5,5,1,1,1,1,3,3,4,3,3,4,3,4,2,4,4,4
1209563662,6/20/24 16:17,6/20/24 16:22,10,2,female,4,,7,,6,,,,,,,,,,,,0,4,4,7,7,5,3,3,6,6,1,3,2,1,3,6,1,6,6,1,4,5,6,5,3,3,6,2,1,2,9,3,5,2,3,2,3,1,1,1,5,5,1,5,1,3,4,4,4,4,4,5,2,4,3
4492772481,6/20/24 16:12,6/20/24 16:22,40,2,Female,10,,0,Portugal,6,,,,,,,,,,,,0,4,4,7,7,4,6,3,6,6,3,3,6,3,3,6,5,5,6,6,6,6,6,6,6,3,4,1,2,3,1,1,5,2,1,1,3,1,1,1,5,5,3,5,3,3,3,5,3,3,6,5,3,3,3
7149549476,6/20/24 16:15,6/20/24 16:21,8,2,Female,10,,0,Portugal,6,,,,,,,,,,,,5,4,4,7,7,4,5,6,6,6,1,1,1,1,2,6,6,6,4,2,2,4,6,6,4,2,3,2,1,1,6,6,4,2,2,1,3,1,1,1,4,4,3,3,2,5,2,2,6,4,3,3,3,4,6
7362253142,6/20/24 16:15,6/20/24 16:21,10,1,Male,5,,0,Chile,1,,,,,,,,,,,None,30,3,2,7,6,3,2,5,6,6,1,3,4,2,5,3,5,6,3,1,6,1,6,2,2,1,3,2,2,2,3,7,7,2,1,1,3,2,4,3,4,4,4,5,4,6,3,3,5,5,6,3,4,5,5
4079301122,6/20/24 16:18,6/20/24 16:21,3,1,Male,4,,1,,6,,,,,,,,,,,,0,5,5,7,7,5,5,5,6,5,2,4,4,1,4,5,3,4,2,1,4,4,5,4,3,6,4,2,2,1,9,6,5,7,1,2,4,3,3,4,3,4,4,1,5,3,4,4,5,5,5,5,5,5,5
9464842003,6/20/24 16:15,6/20/24 16:21,16,2,female,5,,8,,1,,1,,,,,,,,,,94,2,1,4,1,3,4,5,5,6,1,2,2,1,3,6,4,2,5,4,2,3,6,4,4,3,2,2,2,2,7,5,4,2,2,1,3,1,1,1,5,5,3,1,5,4,1,0,5,5,6,4,1,3,2
7375668434,6/20/24 16:16,6/20/24 16:21,24,1,male,10,,0,Poland,0,deism,,,,,,,,,,,20,3,2,5,6,4,4,2,4,5,1,4,3,2,3,5,4,3,4,2,4,3,4,3,4,1,2,3,3,2,4,2,2,5,2,2,3,3,3,3,3,3,3,4,3,4,3,2,3,3,3,3,2,3,3
8778351028,6/20/24 16:14,6/20/24 16:21,4,1,Male,7,,5,,2,,,,,,,,,,,,20,4,3,5,4,4,4,4,6,6,3,4,5,2,3,5,3,4,3,2,4,5,3,6,5,5,5,4,2,2,4,7,3,6,7,6,4,2,2,2,4,4,4,4,3,3,3,3,3,4,4,4,4,4,4
4650073909,6/20/24 16:14,6/20/24 16:21,7,2,Female,7,,0,Japanese,0,Roman Catholic,,,,,,,,,,,30,4,3,6,1,3,6,4,3,6,2,4,6,2,3,4,5,5,5,3,5,5,6,4,6,4,5,2,2,1,7,5,4,2,2,1,3,1,1,2,5,5,2,2,5,4,2,4,5,4,5,2,4,5,5
6824515738,6/20/24 16:15,6/20/24 16:20,32,2,female,10,,0,swedish,6,,,,,,,,,,,,2,4,4,6,6,4,2,5,4,6,1,1,3,1,1,6,6,6,6,1,3,6,1,6,6,1,1,2,5,5,7,1,1,2,2,2,3,1,1,1,3,4,2,6,0,3,6,6,1,5,0,6,0,0,3
1512829733,6/20/24 16:15,6/20/24 16:20,30,1,Male,5,,0,Chile,6,,,,,,,,,,,,0,5,5,7,7,5,2,3,5,5,1,1,5,1,2,2,3,2,3,3,4,1,1,2,3,2,4,2,2,4,9,9,1,7,5,8,1,1,1,1,4,5,1,2,3,2,1,3,4,1,2,1,3,2,1
8841775492,6/20/24 16:13,6/20/24 16:18,5,2,Female,4,,1,,2,,,,,,,,,,,,100,1,1,2,1,1,6,6,6,6,3,4,6,6,5,6,6,6,6,6,6,4,6,6,6,6,6,2,1,1,1,1,9,1,1,1,2,4,3,3,3,3,3,6,3,0,6,6,3,1,1,6,0,0,1